segment_dim,segment_value,slug,name,url,author,primary_category,genres_pipe,tags_pipe,rating_value,rating_count,date_published,users,sessions,engaged_users,eng_pct,sess_p50,sess_p90,sess_per_user,p90_p50_ratio
Seg 1: Quality,A. Premium,challenge-rush,Challenge Rush,https://1games.io/challenge-rush,1Games.IO,Arcade,Arcade|Platform|Music,skill|jumping|rhythm|fast-paced|cube,8.2,3816,2026-07-09,32647,58592,22820,69.9,81.0,1886.0,1.795,23.28
Seg 2: Retention,A. Sticky,challenge-rush,Challenge Rush,https://1games.io/challenge-rush,1Games.IO,Arcade,Arcade|Platform|Music,skill|jumping|rhythm|fast-paced|cube,8.2,3816,2026-07-09,32647,58592,22820,69.9,81.0,1886.0,1.795,23.28
Seg 3: Distribution,Bimodal,challenge-rush,Challenge Rush,https://1games.io/challenge-rush,1Games.IO,Arcade,Arcade|Platform|Music,skill|jumping|rhythm|fast-paced|cube,8.2,3816,2026-07-09,32647,58592,22820,69.9,81.0,1886.0,1.795,23.28
Seg 4: Business,A. Premium,challenge-rush,Challenge Rush,https://1games.io/challenge-rush,1Games.IO,Arcade,Arcade|Platform|Music,skill|jumping|rhythm|fast-paced|cube,8.2,3816,2026-07-09,32647,58592,22820,69.9,81.0,1886.0,1.795,23.28
Seg 5: Funnel,A. Premium,challenge-rush,Challenge Rush,https://1games.io/challenge-rush,1Games.IO,Arcade,Arcade|Platform|Music,skill|jumping|rhythm|fast-paced|cube,8.2,3816,2026-07-09,32647,58592,22820,69.9,81.0,1886.0,1.795,23.28
Seg 6: Cluster,Cluster 1: Premium,challenge-rush,Challenge Rush,https://1games.io/challenge-rush,1Games.IO,Arcade,Arcade|Platform|Music,skill|jumping|rhythm|fast-paced|cube,8.2,3816,2026-07-09,32647,58592,22820,69.9,81.0,1886.0,1.795,23.28
Seg 1: Quality,A. Premium,flip-or-fail,Flip Or Fail,https://1games.io/flip-or-fail,AZGames,Arcade,Arcade|Sports,skill|flipping|physics|school|backflip,9.2,290,2026-08-24,4934,7820,3685,74.69,151.0,1998.5,1.585,13.24
Seg 2: Retention,A. Sticky,flip-or-fail,Flip Or Fail,https://1games.io/flip-or-fail,AZGames,Arcade,Arcade|Sports,skill|flipping|physics|school|backflip,9.2,290,2026-08-24,4934,7820,3685,74.69,151.0,1998.5,1.585,13.24
Seg 3: Distribution,Bimodal,flip-or-fail,Flip Or Fail,https://1games.io/flip-or-fail,AZGames,Arcade,Arcade|Sports,skill|flipping|physics|school|backflip,9.2,290,2026-08-24,4934,7820,3685,74.69,151.0,1998.5,1.585,13.24
Seg 4: Business,A. Premium,flip-or-fail,Flip Or Fail,https://1games.io/flip-or-fail,AZGames,Arcade,Arcade|Sports,skill|flipping|physics|school|backflip,9.2,290,2026-08-24,4934,7820,3685,74.69,151.0,1998.5,1.585,13.24
Seg 5: Funnel,A. Premium,flip-or-fail,Flip Or Fail,https://1games.io/flip-or-fail,AZGames,Arcade,Arcade|Sports,skill|flipping|physics|school|backflip,9.2,290,2026-08-24,4934,7820,3685,74.69,151.0,1998.5,1.585,13.24
Seg 6: Cluster,Cluster 1: Premium,flip-or-fail,Flip Or Fail,https://1games.io/flip-or-fail,AZGames,Arcade,Arcade|Sports,skill|flipping|physics|school|backflip,9.2,290,2026-08-24,4934,7820,3685,74.69,151.0,1998.5,1.585,13.24
Seg 1: Quality,A. Premium,cycle-racing-game,Cycle Racing Game,https://1games.io/cycle-racing-game,1Games,Driving,Driving|Sports,3d|racing|1-player|collecting|bike,7,84,,4228,4646,3655,86.45,362.0,2476.0,1.099,6.84
Seg 2: Retention,C. Eng-No-Repeat,cycle-racing-game,Cycle Racing Game,https://1games.io/cycle-racing-game,1Games,Driving,Driving|Sports,3d|racing|1-player|collecting|bike,7,84,,4228,4646,3655,86.45,362.0,2476.0,1.099,6.84
Seg 3: Distribution,Moderate,cycle-racing-game,Cycle Racing Game,https://1games.io/cycle-racing-game,1Games,Driving,Driving|Sports,3d|racing|1-player|collecting|bike,7,84,,4228,4646,3655,86.45,362.0,2476.0,1.099,6.84
Seg 4: Business,A. Premium,cycle-racing-game,Cycle Racing Game,https://1games.io/cycle-racing-game,1Games,Driving,Driving|Sports,3d|racing|1-player|collecting|bike,7,84,,4228,4646,3655,86.45,362.0,2476.0,1.099,6.84
Seg 5: Funnel,A. Premium,cycle-racing-game,Cycle Racing Game,https://1games.io/cycle-racing-game,1Games,Driving,Driving|Sports,3d|racing|1-player|collecting|bike,7,84,,4228,4646,3655,86.45,362.0,2476.0,1.099,6.84
Seg 6: Cluster,Cluster 1: Premium,cycle-racing-game,Cycle Racing Game,https://1games.io/cycle-racing-game,1Games,Driving,Driving|Sports,3d|racing|1-player|collecting|bike,7,84,,4228,4646,3655,86.45,362.0,2476.0,1.099,6.84
Seg 1: Quality,A. Premium,1-weapon-evolution-online,+1 Weapon Evolution Online,https://1games.io/1-weapon-evolution-online,1Games,Action,Action|Casual|Platform,gun|weapon|collecting|incremental,8.1,108,,4030,4609,2552,63.33,50.0,1404.7,1.144,28.09
Seg 2: Retention,B. Repeat-Casual,1-weapon-evolution-online,+1 Weapon Evolution Online,https://1games.io/1-weapon-evolution-online,1Games,Action,Action|Casual|Platform,gun|weapon|collecting|incremental,8.1,108,,4030,4609,2552,63.33,50.0,1404.7,1.144,28.09
Seg 3: Distribution,Bimodal,1-weapon-evolution-online,+1 Weapon Evolution Online,https://1games.io/1-weapon-evolution-online,1Games,Action,Action|Casual|Platform,gun|weapon|collecting|incremental,8.1,108,,4030,4609,2552,63.33,50.0,1404.7,1.144,28.09
Seg 4: Business,A. Premium,1-weapon-evolution-online,+1 Weapon Evolution Online,https://1games.io/1-weapon-evolution-online,1Games,Action,Action|Casual|Platform,gun|weapon|collecting|incremental,8.1,108,,4030,4609,2552,63.33,50.0,1404.7,1.144,28.09
Seg 5: Funnel,A. Premium,1-weapon-evolution-online,+1 Weapon Evolution Online,https://1games.io/1-weapon-evolution-online,1Games,Action,Action|Casual|Platform,gun|weapon|collecting|incremental,8.1,108,,4030,4609,2552,63.33,50.0,1404.7,1.144,28.09
Seg 6: Cluster,Cluster 1: Premium,1-weapon-evolution-online,+1 Weapon Evolution Online,https://1games.io/1-weapon-evolution-online,1Games,Action,Action|Casual|Platform,gun|weapon|collecting|incremental,8.1,108,,4030,4609,2552,63.33,50.0,1404.7,1.144,28.09
Seg 1: Quality,A. Premium,bar-simulator-serve-fight,"Bar Simulator: Serve, Fight",https://1games.io/bar-simulator-serve-fight,1Games,Casual,Casual|Simulation,management|restaurant|business|incremental,7.4,61,,3577,3950,2300,64.3,50.0,1243.5,1.104,24.87
Seg 2: Retention,B. Repeat-Casual,bar-simulator-serve-fight,"Bar Simulator: Serve, Fight",https://1games.io/bar-simulator-serve-fight,1Games,Casual,Casual|Simulation,management|restaurant|business|incremental,7.4,61,,3577,3950,2300,64.3,50.0,1243.5,1.104,24.87
Seg 3: Distribution,Bimodal,bar-simulator-serve-fight,"Bar Simulator: Serve, Fight",https://1games.io/bar-simulator-serve-fight,1Games,Casual,Casual|Simulation,management|restaurant|business|incremental,7.4,61,,3577,3950,2300,64.3,50.0,1243.5,1.104,24.87
Seg 4: Business,A. Premium,bar-simulator-serve-fight,"Bar Simulator: Serve, Fight",https://1games.io/bar-simulator-serve-fight,1Games,Casual,Casual|Simulation,management|restaurant|business|incremental,7.4,61,,3577,3950,2300,64.3,50.0,1243.5,1.104,24.87
Seg 5: Funnel,A. Premium,bar-simulator-serve-fight,"Bar Simulator: Serve, Fight",https://1games.io/bar-simulator-serve-fight,1Games,Casual,Casual|Simulation,management|restaurant|business|incremental,7.4,61,,3577,3950,2300,64.3,50.0,1243.5,1.104,24.87
Seg 6: Cluster,Cluster 1: Premium,bar-simulator-serve-fight,"Bar Simulator: Serve, Fight",https://1games.io/bar-simulator-serve-fight,1Games,Casual,Casual|Simulation,management|restaurant|business|incremental,7.4,61,,3577,3950,2300,64.3,50.0,1243.5,1.104,24.87
Seg 1: Quality,A. Premium,topbike-racing,TopBike Racing,https://1games.io/topbike-racing,1Games,Driving,Driving,racing|physics|side-scrolling|bike|backflip,7.3,62,,3335,3695,2749,82.43,251.0,1979.0,1.108,7.88
Seg 2: Retention,B. Repeat-Casual,topbike-racing,TopBike Racing,https://1games.io/topbike-racing,1Games,Driving,Driving,racing|physics|side-scrolling|bike|backflip,7.3,62,,3335,3695,2749,82.43,251.0,1979.0,1.108,7.88
Seg 3: Distribution,Moderate,topbike-racing,TopBike Racing,https://1games.io/topbike-racing,1Games,Driving,Driving,racing|physics|side-scrolling|bike|backflip,7.3,62,,3335,3695,2749,82.43,251.0,1979.0,1.108,7.88
Seg 4: Business,A. Premium,topbike-racing,TopBike Racing,https://1games.io/topbike-racing,1Games,Driving,Driving,racing|physics|side-scrolling|bike|backflip,7.3,62,,3335,3695,2749,82.43,251.0,1979.0,1.108,7.88
Seg 5: Funnel,A. Premium,topbike-racing,TopBike Racing,https://1games.io/topbike-racing,1Games,Driving,Driving,racing|physics|side-scrolling|bike|backflip,7.3,62,,3335,3695,2749,82.43,251.0,1979.0,1.108,7.88
Seg 6: Cluster,Cluster 1: Premium,topbike-racing,TopBike Racing,https://1games.io/topbike-racing,1Games,Driving,Driving,racing|physics|side-scrolling|bike|backflip,7.3,62,,3335,3695,2749,82.43,251.0,1979.0,1.108,7.88
Seg 1: Quality,A. Premium,crash-x,Crash X,https://1games.io/crash-x,1Games,Driving,Driving,3d|car|racing|obstacle|physics|destroy,8.5,93,,3314,3912,2656,80.14,207.0,2769.2,1.18,13.38
Seg 2: Retention,B. Repeat-Casual,crash-x,Crash X,https://1games.io/crash-x,1Games,Driving,Driving,3d|car|racing|obstacle|physics|destroy,8.5,93,,3314,3912,2656,80.14,207.0,2769.2,1.18,13.38
Seg 3: Distribution,Bimodal,crash-x,Crash X,https://1games.io/crash-x,1Games,Driving,Driving,3d|car|racing|obstacle|physics|destroy,8.5,93,,3314,3912,2656,80.14,207.0,2769.2,1.18,13.38
Seg 4: Business,A. Premium,crash-x,Crash X,https://1games.io/crash-x,1Games,Driving,Driving,3d|car|racing|obstacle|physics|destroy,8.5,93,,3314,3912,2656,80.14,207.0,2769.2,1.18,13.38
Seg 5: Funnel,A. Premium,crash-x,Crash X,https://1games.io/crash-x,1Games,Driving,Driving,3d|car|racing|obstacle|physics|destroy,8.5,93,,3314,3912,2656,80.14,207.0,2769.2,1.18,13.38
Seg 6: Cluster,Cluster 1: Premium,crash-x,Crash X,https://1games.io/crash-x,1Games,Driving,Driving,3d|car|racing|obstacle|physics|destroy,8.5,93,,3314,3912,2656,80.14,207.0,2769.2,1.18,13.38
Seg 1: Quality,A. Premium,quarterback,Quarterback,https://1games.io/quarterback,1Games,Arcade,Arcade|Sports,skill|3d|one-button|football,7,27,,3205,3486,2559,79.84,195.5,1852.1,1.088,9.47
Seg 2: Retention,C. Eng-No-Repeat,quarterback,Quarterback,https://1games.io/quarterback,1Games,Arcade,Arcade|Sports,skill|3d|one-button|football,7,27,,3205,3486,2559,79.84,195.5,1852.1,1.088,9.47
Seg 3: Distribution,Moderate,quarterback,Quarterback,https://1games.io/quarterback,1Games,Arcade,Arcade|Sports,skill|3d|one-button|football,7,27,,3205,3486,2559,79.84,195.5,1852.1,1.088,9.47
Seg 4: Business,A. Premium,quarterback,Quarterback,https://1games.io/quarterback,1Games,Arcade,Arcade|Sports,skill|3d|one-button|football,7,27,,3205,3486,2559,79.84,195.5,1852.1,1.088,9.47
Seg 5: Funnel,A. Premium,quarterback,Quarterback,https://1games.io/quarterback,1Games,Arcade,Arcade|Sports,skill|3d|one-button|football,7,27,,3205,3486,2559,79.84,195.5,1852.1,1.088,9.47
Seg 6: Cluster,Cluster 1: Premium,quarterback,Quarterback,https://1games.io/quarterback,1Games,Arcade,Arcade|Sports,skill|3d|one-button|football,7,27,,3205,3486,2559,79.84,195.5,1852.1,1.088,9.47
Seg 1: Quality,A. Premium,flip-spot,Flip Spot,https://1games.io/flip-spot,AZGames,Arcade,Arcade,parkour|skill|flipping|physics|backflip,7.4,95,2026-08-19,3065,3678,2580,84.18,362.5,2196.0,1.2,6.06
Seg 2: Retention,B. Repeat-Casual,flip-spot,Flip Spot,https://1games.io/flip-spot,AZGames,Arcade,Arcade,parkour|skill|flipping|physics|backflip,7.4,95,2026-08-19,3065,3678,2580,84.18,362.5,2196.0,1.2,6.06
Seg 3: Distribution,Moderate,flip-spot,Flip Spot,https://1games.io/flip-spot,AZGames,Arcade,Arcade,parkour|skill|flipping|physics|backflip,7.4,95,2026-08-19,3065,3678,2580,84.18,362.5,2196.0,1.2,6.06
Seg 4: Business,A. Premium,flip-spot,Flip Spot,https://1games.io/flip-spot,AZGames,Arcade,Arcade,parkour|skill|flipping|physics|backflip,7.4,95,2026-08-19,3065,3678,2580,84.18,362.5,2196.0,1.2,6.06
Seg 5: Funnel,A. Premium,flip-spot,Flip Spot,https://1games.io/flip-spot,AZGames,Arcade,Arcade,parkour|skill|flipping|physics|backflip,7.4,95,2026-08-19,3065,3678,2580,84.18,362.5,2196.0,1.2,6.06
Seg 6: Cluster,Cluster 1: Premium,flip-spot,Flip Spot,https://1games.io/flip-spot,AZGames,Arcade,Arcade,parkour|skill|flipping|physics|backflip,7.4,95,2026-08-19,3065,3678,2580,84.18,362.5,2196.0,1.2,6.06
Seg 1: Quality,A. Premium,online-obby-1-keyboard-speed-escape,Online Obby: +1 Keyboard Speed Escape,https://1games.io/online-obby-1-keyboard-speed-escape,1Games,Arcade,Arcade|Platform,parkour|party|obby|incremental,8.5,80,,2981,3413,2382,79.91,143.0,1872.5,1.145,13.09
Seg 2: Retention,B. Repeat-Casual,online-obby-1-keyboard-speed-escape,Online Obby: +1 Keyboard Speed Escape,https://1games.io/online-obby-1-keyboard-speed-escape,1Games,Arcade,Arcade|Platform,parkour|party|obby|incremental,8.5,80,,2981,3413,2382,79.91,143.0,1872.5,1.145,13.09
Seg 3: Distribution,Bimodal,online-obby-1-keyboard-speed-escape,Online Obby: +1 Keyboard Speed Escape,https://1games.io/online-obby-1-keyboard-speed-escape,1Games,Arcade,Arcade|Platform,parkour|party|obby|incremental,8.5,80,,2981,3413,2382,79.91,143.0,1872.5,1.145,13.09
Seg 4: Business,A. Premium,online-obby-1-keyboard-speed-escape,Online Obby: +1 Keyboard Speed Escape,https://1games.io/online-obby-1-keyboard-speed-escape,1Games,Arcade,Arcade|Platform,parkour|party|obby|incremental,8.5,80,,2981,3413,2382,79.91,143.0,1872.5,1.145,13.09
Seg 5: Funnel,A. Premium,online-obby-1-keyboard-speed-escape,Online Obby: +1 Keyboard Speed Escape,https://1games.io/online-obby-1-keyboard-speed-escape,1Games,Arcade,Arcade|Platform,parkour|party|obby|incremental,8.5,80,,2981,3413,2382,79.91,143.0,1872.5,1.145,13.09
Seg 6: Cluster,Cluster 1: Premium,online-obby-1-keyboard-speed-escape,Online Obby: +1 Keyboard Speed Escape,https://1games.io/online-obby-1-keyboard-speed-escape,1Games,Arcade,Arcade|Platform,parkour|party|obby|incremental,8.5,80,,2981,3413,2382,79.91,143.0,1872.5,1.145,13.09
Seg 1: Quality,A. Premium,count-master,Count Master,https://1games.io/count-master,1Games,Arcade,Arcade,stickman|running|obstacle|funny|math|collecting,8,61,,2790,3091,2241,80.32,212.5,2152.9,1.108,10.13
Seg 2: Retention,B. Repeat-Casual,count-master,Count Master,https://1games.io/count-master,1Games,Arcade,Arcade,stickman|running|obstacle|funny|math|collecting,8,61,,2790,3091,2241,80.32,212.5,2152.9,1.108,10.13
Seg 3: Distribution,Bimodal,count-master,Count Master,https://1games.io/count-master,1Games,Arcade,Arcade,stickman|running|obstacle|funny|math|collecting,8,61,,2790,3091,2241,80.32,212.5,2152.9,1.108,10.13
Seg 4: Business,A. Premium,count-master,Count Master,https://1games.io/count-master,1Games,Arcade,Arcade,stickman|running|obstacle|funny|math|collecting,8,61,,2790,3091,2241,80.32,212.5,2152.9,1.108,10.13
Seg 5: Funnel,A. Premium,count-master,Count Master,https://1games.io/count-master,1Games,Arcade,Arcade,stickman|running|obstacle|funny|math|collecting,8,61,,2790,3091,2241,80.32,212.5,2152.9,1.108,10.13
Seg 6: Cluster,Cluster 1: Premium,count-master,Count Master,https://1games.io/count-master,1Games,Arcade,Arcade,stickman|running|obstacle|funny|math|collecting,8,61,,2790,3091,2241,80.32,212.5,2152.9,1.108,10.13
Seg 1: Quality,A. Premium,tiles-hop-edm-rush,Tiles Hop: EDM Rush!,https://1games.io/tiles-hop-edm-rush,1Games,Arcade,Arcade|Music,skill|jumping|3d|1-player|fast-paced,7.1,45,,2628,2865,2191,83.37,276.5,2212.6,1.09,8.0
Seg 2: Retention,C. Eng-No-Repeat,tiles-hop-edm-rush,Tiles Hop: EDM Rush!,https://1games.io/tiles-hop-edm-rush,1Games,Arcade,Arcade|Music,skill|jumping|3d|1-player|fast-paced,7.1,45,,2628,2865,2191,83.37,276.5,2212.6,1.09,8.0
Seg 3: Distribution,Moderate,tiles-hop-edm-rush,Tiles Hop: EDM Rush!,https://1games.io/tiles-hop-edm-rush,1Games,Arcade,Arcade|Music,skill|jumping|3d|1-player|fast-paced,7.1,45,,2628,2865,2191,83.37,276.5,2212.6,1.09,8.0
Seg 4: Business,A. Premium,tiles-hop-edm-rush,Tiles Hop: EDM Rush!,https://1games.io/tiles-hop-edm-rush,1Games,Arcade,Arcade|Music,skill|jumping|3d|1-player|fast-paced,7.1,45,,2628,2865,2191,83.37,276.5,2212.6,1.09,8.0
Seg 5: Funnel,A. Premium,tiles-hop-edm-rush,Tiles Hop: EDM Rush!,https://1games.io/tiles-hop-edm-rush,1Games,Arcade,Arcade|Music,skill|jumping|3d|1-player|fast-paced,7.1,45,,2628,2865,2191,83.37,276.5,2212.6,1.09,8.0
Seg 6: Cluster,Cluster 1: Premium,tiles-hop-edm-rush,Tiles Hop: EDM Rush!,https://1games.io/tiles-hop-edm-rush,1Games,Arcade,Arcade|Music,skill|jumping|3d|1-player|fast-paced,7.1,45,,2628,2865,2191,83.37,276.5,2212.6,1.09,8.0
Seg 1: Quality,A. Premium,spidermaster-hero-in-the-city,SpiderMaster - Hero in the City,https://1games.io/spidermaster-hero-in-the-city,1Games,Adventure,Adventure|Arcade|Simulation,parkour|3d|rpg,5.9,51,,2610,2744,1847,70.77,79.0,1597.9,1.051,20.23
Seg 2: Retention,C. Eng-No-Repeat,spidermaster-hero-in-the-city,SpiderMaster - Hero in the City,https://1games.io/spidermaster-hero-in-the-city,1Games,Adventure,Adventure|Arcade|Simulation,parkour|3d|rpg,5.9,51,,2610,2744,1847,70.77,79.0,1597.9,1.051,20.23
Seg 3: Distribution,Bimodal,spidermaster-hero-in-the-city,SpiderMaster - Hero in the City,https://1games.io/spidermaster-hero-in-the-city,1Games,Adventure,Adventure|Arcade|Simulation,parkour|3d|rpg,5.9,51,,2610,2744,1847,70.77,79.0,1597.9,1.051,20.23
Seg 4: Business,A. Premium,spidermaster-hero-in-the-city,SpiderMaster - Hero in the City,https://1games.io/spidermaster-hero-in-the-city,1Games,Adventure,Adventure|Arcade|Simulation,parkour|3d|rpg,5.9,51,,2610,2744,1847,70.77,79.0,1597.9,1.051,20.23
Seg 5: Funnel,A. Premium,spidermaster-hero-in-the-city,SpiderMaster - Hero in the City,https://1games.io/spidermaster-hero-in-the-city,1Games,Adventure,Adventure|Arcade|Simulation,parkour|3d|rpg,5.9,51,,2610,2744,1847,70.77,79.0,1597.9,1.051,20.23
Seg 6: Cluster,Cluster 1: Premium,spidermaster-hero-in-the-city,SpiderMaster - Hero in the City,https://1games.io/spidermaster-hero-in-the-city,1Games,Adventure,Adventure|Arcade|Simulation,parkour|3d|rpg,5.9,51,,2610,2744,1847,70.77,79.0,1597.9,1.051,20.23
Seg 1: Quality,A. Premium,going-up-rooftop-online,Going Up Rooftop Online,https://1games.io/going-up-rooftop-online,1Games,Adventure,Adventure,parkour|jumping|climbing|3d|only-up,8.5,39,2026-09-08,2537,2868,1937,76.35,177.0,2086.6,1.13,11.79
Seg 2: Retention,B. Repeat-Casual,going-up-rooftop-online,Going Up Rooftop Online,https://1games.io/going-up-rooftop-online,1Games,Adventure,Adventure,parkour|jumping|climbing|3d|only-up,8.5,39,2026-09-08,2537,2868,1937,76.35,177.0,2086.6,1.13,11.79
Seg 3: Distribution,Bimodal,going-up-rooftop-online,Going Up Rooftop Online,https://1games.io/going-up-rooftop-online,1Games,Adventure,Adventure,parkour|jumping|climbing|3d|only-up,8.5,39,2026-09-08,2537,2868,1937,76.35,177.0,2086.6,1.13,11.79
Seg 4: Business,A. Premium,going-up-rooftop-online,Going Up Rooftop Online,https://1games.io/going-up-rooftop-online,1Games,Adventure,Adventure,parkour|jumping|climbing|3d|only-up,8.5,39,2026-09-08,2537,2868,1937,76.35,177.0,2086.6,1.13,11.79
Seg 5: Funnel,A. Premium,going-up-rooftop-online,Going Up Rooftop Online,https://1games.io/going-up-rooftop-online,1Games,Adventure,Adventure,parkour|jumping|climbing|3d|only-up,8.5,39,2026-09-08,2537,2868,1937,76.35,177.0,2086.6,1.13,11.79
Seg 6: Cluster,Cluster 1: Premium,going-up-rooftop-online,Going Up Rooftop Online,https://1games.io/going-up-rooftop-online,1Games,Adventure,Adventure,parkour|jumping|climbing|3d|only-up,8.5,39,2026-09-08,2537,2868,1937,76.35,177.0,2086.6,1.13,11.79
Seg 1: Quality,A. Premium,riders-downhill-racing,Riders Downhill Racing,https://1games.io/riders-downhill-racing,1Games,Sports,Sports|Simulation,racing|2-player|physics|bike,8.4,148,,2520,2847,2087,82.82,439.0,2688.6,1.13,6.12
Seg 2: Retention,B. Repeat-Casual,riders-downhill-racing,Riders Downhill Racing,https://1games.io/riders-downhill-racing,1Games,Sports,Sports|Simulation,racing|2-player|physics|bike,8.4,148,,2520,2847,2087,82.82,439.0,2688.6,1.13,6.12
Seg 3: Distribution,Moderate,riders-downhill-racing,Riders Downhill Racing,https://1games.io/riders-downhill-racing,1Games,Sports,Sports|Simulation,racing|2-player|physics|bike,8.4,148,,2520,2847,2087,82.82,439.0,2688.6,1.13,6.12
Seg 4: Business,A. Premium,riders-downhill-racing,Riders Downhill Racing,https://1games.io/riders-downhill-racing,1Games,Sports,Sports|Simulation,racing|2-player|physics|bike,8.4,148,,2520,2847,2087,82.82,439.0,2688.6,1.13,6.12
Seg 5: Funnel,A. Premium,riders-downhill-racing,Riders Downhill Racing,https://1games.io/riders-downhill-racing,1Games,Sports,Sports|Simulation,racing|2-player|physics|bike,8.4,148,,2520,2847,2087,82.82,439.0,2688.6,1.13,6.12
Seg 6: Cluster,Cluster 1: Premium,riders-downhill-racing,Riders Downhill Racing,https://1games.io/riders-downhill-racing,1Games,Sports,Sports|Simulation,racing|2-player|physics|bike,8.4,148,,2520,2847,2087,82.82,439.0,2688.6,1.13,6.12
Seg 1: Quality,A. Premium,soccer-aiming-simulator-in-3d,Soccer Aiming Simulator in 3D,https://1games.io/soccer-aiming-simulator-in-3d,1Games,Sports,Sports|Simulation,3d|soccer|ball|champion,8,96,,2412,2970,2058,85.32,352.0,2408.0,1.231,6.84
Seg 2: Retention,B. Repeat-Casual,soccer-aiming-simulator-in-3d,Soccer Aiming Simulator in 3D,https://1games.io/soccer-aiming-simulator-in-3d,1Games,Sports,Sports|Simulation,3d|soccer|ball|champion,8,96,,2412,2970,2058,85.32,352.0,2408.0,1.231,6.84
Seg 3: Distribution,Moderate,soccer-aiming-simulator-in-3d,Soccer Aiming Simulator in 3D,https://1games.io/soccer-aiming-simulator-in-3d,1Games,Sports,Sports|Simulation,3d|soccer|ball|champion,8,96,,2412,2970,2058,85.32,352.0,2408.0,1.231,6.84
Seg 4: Business,A. Premium,soccer-aiming-simulator-in-3d,Soccer Aiming Simulator in 3D,https://1games.io/soccer-aiming-simulator-in-3d,1Games,Sports,Sports|Simulation,3d|soccer|ball|champion,8,96,,2412,2970,2058,85.32,352.0,2408.0,1.231,6.84
Seg 5: Funnel,A. Premium,soccer-aiming-simulator-in-3d,Soccer Aiming Simulator in 3D,https://1games.io/soccer-aiming-simulator-in-3d,1Games,Sports,Sports|Simulation,3d|soccer|ball|champion,8,96,,2412,2970,2058,85.32,352.0,2408.0,1.231,6.84
Seg 6: Cluster,Cluster 1: Premium,soccer-aiming-simulator-in-3d,Soccer Aiming Simulator in 3D,https://1games.io/soccer-aiming-simulator-in-3d,1Games,Sports,Sports|Simulation,3d|soccer|ball|champion,8,96,,2412,2970,2058,85.32,352.0,2408.0,1.231,6.84
Seg 1: Quality,A. Premium,horror-nun-2,Horror Nun 2,https://1games.io/horror-nun-2,AZGames,Horror,Horror,escape|school|hidden-object|scary,8.9,74,2026-09-04,2334,2798,1880,80.55,291.0,1993.6,1.199,6.85
Seg 2: Retention,B. Repeat-Casual,horror-nun-2,Horror Nun 2,https://1games.io/horror-nun-2,AZGames,Horror,Horror,escape|school|hidden-object|scary,8.9,74,2026-09-04,2334,2798,1880,80.55,291.0,1993.6,1.199,6.85
Seg 3: Distribution,Moderate,horror-nun-2,Horror Nun 2,https://1games.io/horror-nun-2,AZGames,Horror,Horror,escape|school|hidden-object|scary,8.9,74,2026-09-04,2334,2798,1880,80.55,291.0,1993.6,1.199,6.85
Seg 4: Business,A. Premium,horror-nun-2,Horror Nun 2,https://1games.io/horror-nun-2,AZGames,Horror,Horror,escape|school|hidden-object|scary,8.9,74,2026-09-04,2334,2798,1880,80.55,291.0,1993.6,1.199,6.85
Seg 5: Funnel,A. Premium,horror-nun-2,Horror Nun 2,https://1games.io/horror-nun-2,AZGames,Horror,Horror,escape|school|hidden-object|scary,8.9,74,2026-09-04,2334,2798,1880,80.55,291.0,1993.6,1.199,6.85
Seg 6: Cluster,Cluster 1: Premium,horror-nun-2,Horror Nun 2,https://1games.io/horror-nun-2,AZGames,Horror,Horror,escape|school|hidden-object|scary,8.9,74,2026-09-04,2334,2798,1880,80.55,291.0,1993.6,1.199,6.85
Seg 1: Quality,A. Premium,sniper-combat-3d,Sniper Combat 3D,https://1games.io/sniper-combat-3d,1Games,Action,Action|Shooting,3d|1-player|one-button|fps,7.8,65,,2280,2587,1799,78.9,231.0,2231.5,1.135,9.66
Seg 2: Retention,B. Repeat-Casual,sniper-combat-3d,Sniper Combat 3D,https://1games.io/sniper-combat-3d,1Games,Action,Action|Shooting,3d|1-player|one-button|fps,7.8,65,,2280,2587,1799,78.9,231.0,2231.5,1.135,9.66
Seg 3: Distribution,Moderate,sniper-combat-3d,Sniper Combat 3D,https://1games.io/sniper-combat-3d,1Games,Action,Action|Shooting,3d|1-player|one-button|fps,7.8,65,,2280,2587,1799,78.9,231.0,2231.5,1.135,9.66
Seg 4: Business,A. Premium,sniper-combat-3d,Sniper Combat 3D,https://1games.io/sniper-combat-3d,1Games,Action,Action|Shooting,3d|1-player|one-button|fps,7.8,65,,2280,2587,1799,78.9,231.0,2231.5,1.135,9.66
Seg 5: Funnel,A. Premium,sniper-combat-3d,Sniper Combat 3D,https://1games.io/sniper-combat-3d,1Games,Action,Action|Shooting,3d|1-player|one-button|fps,7.8,65,,2280,2587,1799,78.9,231.0,2231.5,1.135,9.66
Seg 6: Cluster,Cluster 1: Premium,sniper-combat-3d,Sniper Combat 3D,https://1games.io/sniper-combat-3d,1Games,Action,Action|Shooting,3d|1-player|one-button|fps,7.8,65,,2280,2587,1799,78.9,231.0,2231.5,1.135,9.66
Seg 1: Quality,A. Premium,mega-ramp-bike-racing-tracks,Mega Ramp Bike Racing Tracks,https://1games.io/mega-ramp-bike-racing-tracks,1Games,Driving,Driving,speed|3d|racing|bike,8.6,84,,2228,2509,1823,81.82,305.5,2164.0,1.126,7.08
Seg 2: Retention,B. Repeat-Casual,mega-ramp-bike-racing-tracks,Mega Ramp Bike Racing Tracks,https://1games.io/mega-ramp-bike-racing-tracks,1Games,Driving,Driving,speed|3d|racing|bike,8.6,84,,2228,2509,1823,81.82,305.5,2164.0,1.126,7.08
Seg 3: Distribution,Moderate,mega-ramp-bike-racing-tracks,Mega Ramp Bike Racing Tracks,https://1games.io/mega-ramp-bike-racing-tracks,1Games,Driving,Driving,speed|3d|racing|bike,8.6,84,,2228,2509,1823,81.82,305.5,2164.0,1.126,7.08
Seg 4: Business,A. Premium,mega-ramp-bike-racing-tracks,Mega Ramp Bike Racing Tracks,https://1games.io/mega-ramp-bike-racing-tracks,1Games,Driving,Driving,speed|3d|racing|bike,8.6,84,,2228,2509,1823,81.82,305.5,2164.0,1.126,7.08
Seg 5: Funnel,A. Premium,mega-ramp-bike-racing-tracks,Mega Ramp Bike Racing Tracks,https://1games.io/mega-ramp-bike-racing-tracks,1Games,Driving,Driving,speed|3d|racing|bike,8.6,84,,2228,2509,1823,81.82,305.5,2164.0,1.126,7.08
Seg 6: Cluster,Cluster 1: Premium,mega-ramp-bike-racing-tracks,Mega Ramp Bike Racing Tracks,https://1games.io/mega-ramp-bike-racing-tracks,1Games,Driving,Driving,speed|3d|racing|bike,8.6,84,,2228,2509,1823,81.82,305.5,2164.0,1.126,7.08
Seg 1: Quality,A. Premium,draw-joust,Draw Joust!,https://1games.io/draw-joust,1Games,Arcade,Arcade|Strategy,physics|battle|brain|drawing,7.9,103,,2210,2567,1903,86.11,372.0,3251.6,1.162,8.74
Seg 2: Retention,B. Repeat-Casual,draw-joust,Draw Joust!,https://1games.io/draw-joust,1Games,Arcade,Arcade|Strategy,physics|battle|brain|drawing,7.9,103,,2210,2567,1903,86.11,372.0,3251.6,1.162,8.74
Seg 3: Distribution,Moderate,draw-joust,Draw Joust!,https://1games.io/draw-joust,1Games,Arcade,Arcade|Strategy,physics|battle|brain|drawing,7.9,103,,2210,2567,1903,86.11,372.0,3251.6,1.162,8.74
Seg 4: Business,A. Premium,draw-joust,Draw Joust!,https://1games.io/draw-joust,1Games,Arcade,Arcade|Strategy,physics|battle|brain|drawing,7.9,103,,2210,2567,1903,86.11,372.0,3251.6,1.162,8.74
Seg 5: Funnel,A. Premium,draw-joust,Draw Joust!,https://1games.io/draw-joust,1Games,Arcade,Arcade|Strategy,physics|battle|brain|drawing,7.9,103,,2210,2567,1903,86.11,372.0,3251.6,1.162,8.74
Seg 6: Cluster,Cluster 1: Premium,draw-joust,Draw Joust!,https://1games.io/draw-joust,1Games,Arcade,Arcade|Strategy,physics|battle|brain|drawing,7.9,103,,2210,2567,1903,86.11,372.0,3251.6,1.162,8.74
Seg 1: Quality,A. Premium,draw-two-save-the-man,Draw Two Save The man,https://1games.io/draw-two-save-the-man,1Games,Puzzle,Puzzle|Casual,physics|brain|art|drawing,7.6,45,,2004,2255,1593,79.49,266.0,2203.0,1.125,8.28
Seg 2: Retention,B. Repeat-Casual,draw-two-save-the-man,Draw Two Save The man,https://1games.io/draw-two-save-the-man,1Games,Puzzle,Puzzle|Casual,physics|brain|art|drawing,7.6,45,,2004,2255,1593,79.49,266.0,2203.0,1.125,8.28
Seg 3: Distribution,Moderate,draw-two-save-the-man,Draw Two Save The man,https://1games.io/draw-two-save-the-man,1Games,Puzzle,Puzzle|Casual,physics|brain|art|drawing,7.6,45,,2004,2255,1593,79.49,266.0,2203.0,1.125,8.28
Seg 4: Business,A. Premium,draw-two-save-the-man,Draw Two Save The man,https://1games.io/draw-two-save-the-man,1Games,Puzzle,Puzzle|Casual,physics|brain|art|drawing,7.6,45,,2004,2255,1593,79.49,266.0,2203.0,1.125,8.28
Seg 5: Funnel,A. Premium,draw-two-save-the-man,Draw Two Save The man,https://1games.io/draw-two-save-the-man,1Games,Puzzle,Puzzle|Casual,physics|brain|art|drawing,7.6,45,,2004,2255,1593,79.49,266.0,2203.0,1.125,8.28
Seg 6: Cluster,Cluster 1: Premium,draw-two-save-the-man,Draw Two Save The man,https://1games.io/draw-two-save-the-man,1Games,Puzzle,Puzzle|Casual,physics|brain|art|drawing,7.6,45,,2004,2255,1593,79.49,266.0,2203.0,1.125,8.28
Seg 1: Quality,A. Premium,zombie-dash,Zombie Dash,https://1games.io/zombie-dash,AZGames,Arcade,Arcade,running|3d|obstacle|avoid|zombie|collecting,8.4,38,2026-09-09,1949,2147,1650,84.66,227.0,2384.4,1.102,10.5
Seg 2: Retention,B. Repeat-Casual,zombie-dash,Zombie Dash,https://1games.io/zombie-dash,AZGames,Arcade,Arcade,running|3d|obstacle|avoid|zombie|collecting,8.4,38,2026-09-09,1949,2147,1650,84.66,227.0,2384.4,1.102,10.5
Seg 3: Distribution,Bimodal,zombie-dash,Zombie Dash,https://1games.io/zombie-dash,AZGames,Arcade,Arcade,running|3d|obstacle|avoid|zombie|collecting,8.4,38,2026-09-09,1949,2147,1650,84.66,227.0,2384.4,1.102,10.5
Seg 4: Business,A. Premium,zombie-dash,Zombie Dash,https://1games.io/zombie-dash,AZGames,Arcade,Arcade,running|3d|obstacle|avoid|zombie|collecting,8.4,38,2026-09-09,1949,2147,1650,84.66,227.0,2384.4,1.102,10.5
Seg 5: Funnel,A. Premium,zombie-dash,Zombie Dash,https://1games.io/zombie-dash,AZGames,Arcade,Arcade,running|3d|obstacle|avoid|zombie|collecting,8.4,38,2026-09-09,1949,2147,1650,84.66,227.0,2384.4,1.102,10.5
Seg 6: Cluster,Cluster 1: Premium,zombie-dash,Zombie Dash,https://1games.io/zombie-dash,AZGames,Arcade,Arcade,running|3d|obstacle|avoid|zombie|collecting,8.4,38,2026-09-09,1949,2147,1650,84.66,227.0,2384.4,1.102,10.5
Seg 1: Quality,A. Premium,ragdoll-sandbox,Ragdoll Sandbox,https://1games.io/ragdoll-sandbox,AZGames,Simulation,Simulation,funny|physics|sandbox|ragdoll|creation|destroy,9,115,2026-09-16,1818,2288,1477,81.24,242.0,3063.5,1.259,12.66
Seg 2: Retention,B. Repeat-Casual,ragdoll-sandbox,Ragdoll Sandbox,https://1games.io/ragdoll-sandbox,AZGames,Simulation,Simulation,funny|physics|sandbox|ragdoll|creation|destroy,9,115,2026-09-16,1818,2288,1477,81.24,242.0,3063.5,1.259,12.66
Seg 3: Distribution,Bimodal,ragdoll-sandbox,Ragdoll Sandbox,https://1games.io/ragdoll-sandbox,AZGames,Simulation,Simulation,funny|physics|sandbox|ragdoll|creation|destroy,9,115,2026-09-16,1818,2288,1477,81.24,242.0,3063.5,1.259,12.66
Seg 4: Business,A. Premium,ragdoll-sandbox,Ragdoll Sandbox,https://1games.io/ragdoll-sandbox,AZGames,Simulation,Simulation,funny|physics|sandbox|ragdoll|creation|destroy,9,115,2026-09-16,1818,2288,1477,81.24,242.0,3063.5,1.259,12.66
Seg 5: Funnel,A. Premium,ragdoll-sandbox,Ragdoll Sandbox,https://1games.io/ragdoll-sandbox,AZGames,Simulation,Simulation,funny|physics|sandbox|ragdoll|creation|destroy,9,115,2026-09-16,1818,2288,1477,81.24,242.0,3063.5,1.259,12.66
Seg 6: Cluster,Cluster 1: Premium,ragdoll-sandbox,Ragdoll Sandbox,https://1games.io/ragdoll-sandbox,AZGames,Simulation,Simulation,funny|physics|sandbox|ragdoll|creation|destroy,9,115,2026-09-16,1818,2288,1477,81.24,242.0,3063.5,1.259,12.66
Seg 1: Quality,A. Premium,flip-duel,Flip Duel,https://1games.io/flip-duel,1Games,Arcade,Arcade|Sports,parkour|flipping|ragdoll|backflip,7.9,38,,1806,2175,1414,78.29,221.0,1916.0,1.204,8.67
Seg 2: Retention,B. Repeat-Casual,flip-duel,Flip Duel,https://1games.io/flip-duel,1Games,Arcade,Arcade|Sports,parkour|flipping|ragdoll|backflip,7.9,38,,1806,2175,1414,78.29,221.0,1916.0,1.204,8.67
Seg 3: Distribution,Moderate,flip-duel,Flip Duel,https://1games.io/flip-duel,1Games,Arcade,Arcade|Sports,parkour|flipping|ragdoll|backflip,7.9,38,,1806,2175,1414,78.29,221.0,1916.0,1.204,8.67
Seg 4: Business,A. Premium,flip-duel,Flip Duel,https://1games.io/flip-duel,1Games,Arcade,Arcade|Sports,parkour|flipping|ragdoll|backflip,7.9,38,,1806,2175,1414,78.29,221.0,1916.0,1.204,8.67
Seg 5: Funnel,A. Premium,flip-duel,Flip Duel,https://1games.io/flip-duel,1Games,Arcade,Arcade|Sports,parkour|flipping|ragdoll|backflip,7.9,38,,1806,2175,1414,78.29,221.0,1916.0,1.204,8.67
Seg 6: Cluster,Cluster 1: Premium,flip-duel,Flip Duel,https://1games.io/flip-duel,1Games,Arcade,Arcade|Sports,parkour|flipping|ragdoll|backflip,7.9,38,,1806,2175,1414,78.29,221.0,1916.0,1.204,8.67
Seg 1: Quality,A. Premium,rider-rush,Rider Rush,https://1games.io/rider-rush,AZGames,Arcade,Arcade|Driving,racing|physics|side-scrolling|bike,7.7,60,2026-08-28,1783,1996,1574,88.28,429.0,2685.0,1.119,6.26
Seg 2: Retention,B. Repeat-Casual,rider-rush,Rider Rush,https://1games.io/rider-rush,AZGames,Arcade,Arcade|Driving,racing|physics|side-scrolling|bike,7.7,60,2026-08-28,1783,1996,1574,88.28,429.0,2685.0,1.119,6.26
Seg 3: Distribution,Moderate,rider-rush,Rider Rush,https://1games.io/rider-rush,AZGames,Arcade,Arcade|Driving,racing|physics|side-scrolling|bike,7.7,60,2026-08-28,1783,1996,1574,88.28,429.0,2685.0,1.119,6.26
Seg 4: Business,A. Premium,rider-rush,Rider Rush,https://1games.io/rider-rush,AZGames,Arcade,Arcade|Driving,racing|physics|side-scrolling|bike,7.7,60,2026-08-28,1783,1996,1574,88.28,429.0,2685.0,1.119,6.26
Seg 5: Funnel,A. Premium,rider-rush,Rider Rush,https://1games.io/rider-rush,AZGames,Arcade,Arcade|Driving,racing|physics|side-scrolling|bike,7.7,60,2026-08-28,1783,1996,1574,88.28,429.0,2685.0,1.119,6.26
Seg 6: Cluster,Cluster 1: Premium,rider-rush,Rider Rush,https://1games.io/rider-rush,AZGames,Arcade,Arcade|Driving,racing|physics|side-scrolling|bike,7.7,60,2026-08-28,1783,1996,1574,88.28,429.0,2685.0,1.119,6.26
Seg 1: Quality,A. Premium,wave-race,Wave Race,https://1games.io/wave-race,AZGames,Arcade,Arcade|Platform,2d|obstacle|avoid|side-scrolling,7.4,47,2026-09-21,1776,1983,1446,81.42,175.0,1572.0,1.117,8.98
Seg 2: Retention,B. Repeat-Casual,wave-race,Wave Race,https://1games.io/wave-race,AZGames,Arcade,Arcade|Platform,2d|obstacle|avoid|side-scrolling,7.4,47,2026-09-21,1776,1983,1446,81.42,175.0,1572.0,1.117,8.98
Seg 3: Distribution,Moderate,wave-race,Wave Race,https://1games.io/wave-race,AZGames,Arcade,Arcade|Platform,2d|obstacle|avoid|side-scrolling,7.4,47,2026-09-21,1776,1983,1446,81.42,175.0,1572.0,1.117,8.98
Seg 4: Business,A. Premium,wave-race,Wave Race,https://1games.io/wave-race,AZGames,Arcade,Arcade|Platform,2d|obstacle|avoid|side-scrolling,7.4,47,2026-09-21,1776,1983,1446,81.42,175.0,1572.0,1.117,8.98
Seg 5: Funnel,A. Premium,wave-race,Wave Race,https://1games.io/wave-race,AZGames,Arcade,Arcade|Platform,2d|obstacle|avoid|side-scrolling,7.4,47,2026-09-21,1776,1983,1446,81.42,175.0,1572.0,1.117,8.98
Seg 6: Cluster,Cluster 1: Premium,wave-race,Wave Race,https://1games.io/wave-race,AZGames,Arcade,Arcade|Platform,2d|obstacle|avoid|side-scrolling,7.4,47,2026-09-21,1776,1983,1446,81.42,175.0,1572.0,1.117,8.98
Seg 1: Quality,A. Premium,fiva-26-soccer,Fiva 26: Soccer,https://1games.io/fiva-26-soccer,1Games,Sports,Sports,soccer|1-player|team|champion,7.2,61,,1763,2051,1488,84.4,334.0,2296.0,1.163,6.87
Seg 2: Retention,B. Repeat-Casual,fiva-26-soccer,Fiva 26: Soccer,https://1games.io/fiva-26-soccer,1Games,Sports,Sports,soccer|1-player|team|champion,7.2,61,,1763,2051,1488,84.4,334.0,2296.0,1.163,6.87
Seg 3: Distribution,Moderate,fiva-26-soccer,Fiva 26: Soccer,https://1games.io/fiva-26-soccer,1Games,Sports,Sports,soccer|1-player|team|champion,7.2,61,,1763,2051,1488,84.4,334.0,2296.0,1.163,6.87
Seg 4: Business,A. Premium,fiva-26-soccer,Fiva 26: Soccer,https://1games.io/fiva-26-soccer,1Games,Sports,Sports,soccer|1-player|team|champion,7.2,61,,1763,2051,1488,84.4,334.0,2296.0,1.163,6.87
Seg 5: Funnel,A. Premium,fiva-26-soccer,Fiva 26: Soccer,https://1games.io/fiva-26-soccer,1Games,Sports,Sports,soccer|1-player|team|champion,7.2,61,,1763,2051,1488,84.4,334.0,2296.0,1.163,6.87
Seg 6: Cluster,Cluster 1: Premium,fiva-26-soccer,Fiva 26: Soccer,https://1games.io/fiva-26-soccer,1Games,Sports,Sports,soccer|1-player|team|champion,7.2,61,,1763,2051,1488,84.4,334.0,2296.0,1.163,6.87
Seg 1: Quality,A. Premium,obby-steal-an-egg,Obby Steal An Egg,https://1games.io/obby-steal-an-egg,1Games,Arcade,Arcade|Platform,collecting|animal|egg|obby|incremental,8.8,40,,1690,1976,1283,75.92,107.0,1983.0,1.169,18.53
Seg 2: Retention,B. Repeat-Casual,obby-steal-an-egg,Obby Steal An Egg,https://1games.io/obby-steal-an-egg,1Games,Arcade,Arcade|Platform,collecting|animal|egg|obby|incremental,8.8,40,,1690,1976,1283,75.92,107.0,1983.0,1.169,18.53
Seg 3: Distribution,Bimodal,obby-steal-an-egg,Obby Steal An Egg,https://1games.io/obby-steal-an-egg,1Games,Arcade,Arcade|Platform,collecting|animal|egg|obby|incremental,8.8,40,,1690,1976,1283,75.92,107.0,1983.0,1.169,18.53
Seg 4: Business,A. Premium,obby-steal-an-egg,Obby Steal An Egg,https://1games.io/obby-steal-an-egg,1Games,Arcade,Arcade|Platform,collecting|animal|egg|obby|incremental,8.8,40,,1690,1976,1283,75.92,107.0,1983.0,1.169,18.53
Seg 5: Funnel,A. Premium,obby-steal-an-egg,Obby Steal An Egg,https://1games.io/obby-steal-an-egg,1Games,Arcade,Arcade|Platform,collecting|animal|egg|obby|incremental,8.8,40,,1690,1976,1283,75.92,107.0,1983.0,1.169,18.53
Seg 6: Cluster,Cluster 1: Premium,obby-steal-an-egg,Obby Steal An Egg,https://1games.io/obby-steal-an-egg,1Games,Arcade,Arcade|Platform,collecting|animal|egg|obby|incremental,8.8,40,,1690,1976,1283,75.92,107.0,1983.0,1.169,18.53
Seg 1: Quality,A. Premium,basketball-hit,Basketball Hit,https://1games.io/basketball-hit,AZGames,Arcade,Arcade|Sports,ball|funny|basketball|incremental,9.3,156,2026-08-26,1680,2903,1237,73.63,64.0,1947.2,1.728,30.43
Seg 2: Retention,A. Sticky,basketball-hit,Basketball Hit,https://1games.io/basketball-hit,AZGames,Arcade,Arcade|Sports,ball|funny|basketball|incremental,9.3,156,2026-08-26,1680,2903,1237,73.63,64.0,1947.2,1.728,30.43
Seg 3: Distribution,Bimodal,basketball-hit,Basketball Hit,https://1games.io/basketball-hit,AZGames,Arcade,Arcade|Sports,ball|funny|basketball|incremental,9.3,156,2026-08-26,1680,2903,1237,73.63,64.0,1947.2,1.728,30.43
Seg 4: Business,A. Premium,basketball-hit,Basketball Hit,https://1games.io/basketball-hit,AZGames,Arcade,Arcade|Sports,ball|funny|basketball|incremental,9.3,156,2026-08-26,1680,2903,1237,73.63,64.0,1947.2,1.728,30.43
Seg 5: Funnel,A. Premium,basketball-hit,Basketball Hit,https://1games.io/basketball-hit,AZGames,Arcade,Arcade|Sports,ball|funny|basketball|incremental,9.3,156,2026-08-26,1680,2903,1237,73.63,64.0,1947.2,1.728,30.43
Seg 6: Cluster,Cluster 1: Premium,basketball-hit,Basketball Hit,https://1games.io/basketball-hit,AZGames,Arcade,Arcade|Sports,ball|funny|basketball|incremental,9.3,156,2026-08-26,1680,2903,1237,73.63,64.0,1947.2,1.728,30.43
Seg 1: Quality,B. Instant Hook,stickman-coin-flip,Stickman Coin Flip,https://1games.io/stickman-coin-flip,AZGames,Clicker,Clicker,funny|idle|collecting|pixel|incremental,9.7,96,2026-09-11,1640,3337,1166,71.1,0.0,1974.2,2.035,0.0
Seg 2: Retention,A. Sticky,stickman-coin-flip,Stickman Coin Flip,https://1games.io/stickman-coin-flip,AZGames,Clicker,Clicker,funny|idle|collecting|pixel|incremental,9.7,96,2026-09-11,1640,3337,1166,71.1,0.0,1974.2,2.035,0.0
Seg 3: Distribution,Flat,stickman-coin-flip,Stickman Coin Flip,https://1games.io/stickman-coin-flip,AZGames,Clicker,Clicker,funny|idle|collecting|pixel|incremental,9.7,96,2026-09-11,1640,3337,1166,71.1,0.0,1974.2,2.035,0.0
Seg 4: Business,A. Premium,stickman-coin-flip,Stickman Coin Flip,https://1games.io/stickman-coin-flip,AZGames,Clicker,Clicker,funny|idle|collecting|pixel|incremental,9.7,96,2026-09-11,1640,3337,1166,71.1,0.0,1974.2,2.035,0.0
Seg 5: Funnel,A. Premium,stickman-coin-flip,Stickman Coin Flip,https://1games.io/stickman-coin-flip,AZGames,Clicker,Clicker,funny|idle|collecting|pixel|incremental,9.7,96,2026-09-11,1640,3337,1166,71.1,0.0,1974.2,2.035,0.0
Seg 6: Cluster,Cluster 1: Premium,stickman-coin-flip,Stickman Coin Flip,https://1games.io/stickman-coin-flip,AZGames,Clicker,Clicker,funny|idle|collecting|pixel|incremental,9.7,96,2026-09-11,1640,3337,1166,71.1,0.0,1974.2,2.035,0.0
Seg 1: Quality,A. Premium,basketball-fever,Basketball Fever,https://1games.io/basketball-fever,1Games,Arcade,Arcade|Sports,skill|3d|ball|basketball|one-button,7,33,,1633,1755,1323,81.02,193.0,1731.4,1.075,8.97
Seg 2: Retention,C. Eng-No-Repeat,basketball-fever,Basketball Fever,https://1games.io/basketball-fever,1Games,Arcade,Arcade|Sports,skill|3d|ball|basketball|one-button,7,33,,1633,1755,1323,81.02,193.0,1731.4,1.075,8.97
Seg 3: Distribution,Moderate,basketball-fever,Basketball Fever,https://1games.io/basketball-fever,1Games,Arcade,Arcade|Sports,skill|3d|ball|basketball|one-button,7,33,,1633,1755,1323,81.02,193.0,1731.4,1.075,8.97
Seg 4: Business,A. Premium,basketball-fever,Basketball Fever,https://1games.io/basketball-fever,1Games,Arcade,Arcade|Sports,skill|3d|ball|basketball|one-button,7,33,,1633,1755,1323,81.02,193.0,1731.4,1.075,8.97
Seg 5: Funnel,A. Premium,basketball-fever,Basketball Fever,https://1games.io/basketball-fever,1Games,Arcade,Arcade|Sports,skill|3d|ball|basketball|one-button,7,33,,1633,1755,1323,81.02,193.0,1731.4,1.075,8.97
Seg 6: Cluster,Cluster 1: Premium,basketball-fever,Basketball Fever,https://1games.io/basketball-fever,1Games,Arcade,Arcade|Sports,skill|3d|ball|basketball|one-button,7,33,,1633,1755,1323,81.02,193.0,1731.4,1.075,8.97
Seg 1: Quality,A. Premium,asmr-squishy-keyboard-tower,ASMR Squishy &amp; Keyboard Tower,https://1games.io/asmr-squishy-keyboard-tower,1Games,Arcade,Arcade|Platform,parkour|climbing|3d|obby,7.1,56,,1593,1737,1230,77.21,145.0,1907.2,1.09,13.15
Seg 2: Retention,C. Eng-No-Repeat,asmr-squishy-keyboard-tower,ASMR Squishy &amp; Keyboard Tower,https://1games.io/asmr-squishy-keyboard-tower,1Games,Arcade,Arcade|Platform,parkour|climbing|3d|obby,7.1,56,,1593,1737,1230,77.21,145.0,1907.2,1.09,13.15
Seg 3: Distribution,Bimodal,asmr-squishy-keyboard-tower,ASMR Squishy &amp; Keyboard Tower,https://1games.io/asmr-squishy-keyboard-tower,1Games,Arcade,Arcade|Platform,parkour|climbing|3d|obby,7.1,56,,1593,1737,1230,77.21,145.0,1907.2,1.09,13.15
Seg 4: Business,A. Premium,asmr-squishy-keyboard-tower,ASMR Squishy &amp; Keyboard Tower,https://1games.io/asmr-squishy-keyboard-tower,1Games,Arcade,Arcade|Platform,parkour|climbing|3d|obby,7.1,56,,1593,1737,1230,77.21,145.0,1907.2,1.09,13.15
Seg 5: Funnel,A. Premium,asmr-squishy-keyboard-tower,ASMR Squishy &amp; Keyboard Tower,https://1games.io/asmr-squishy-keyboard-tower,1Games,Arcade,Arcade|Platform,parkour|climbing|3d|obby,7.1,56,,1593,1737,1230,77.21,145.0,1907.2,1.09,13.15
Seg 6: Cluster,Cluster 1: Premium,asmr-squishy-keyboard-tower,ASMR Squishy &amp; Keyboard Tower,https://1games.io/asmr-squishy-keyboard-tower,1Games,Arcade,Arcade|Platform,parkour|climbing|3d|obby,7.1,56,,1593,1737,1230,77.21,145.0,1907.2,1.09,13.15
Seg 1: Quality,A. Premium,ragdoll-football-2-players,Ragdoll Football 2 Players,https://1games.io/ragdoll-football-2-players,1Games,Arcade,Arcade|Sports,stickman|soccer|2-player|ragdoll,8.5,48,,1589,1880,1250,78.67,261.0,2283.0,1.183,8.75
Seg 2: Retention,B. Repeat-Casual,ragdoll-football-2-players,Ragdoll Football 2 Players,https://1games.io/ragdoll-football-2-players,1Games,Arcade,Arcade|Sports,stickman|soccer|2-player|ragdoll,8.5,48,,1589,1880,1250,78.67,261.0,2283.0,1.183,8.75
Seg 3: Distribution,Moderate,ragdoll-football-2-players,Ragdoll Football 2 Players,https://1games.io/ragdoll-football-2-players,1Games,Arcade,Arcade|Sports,stickman|soccer|2-player|ragdoll,8.5,48,,1589,1880,1250,78.67,261.0,2283.0,1.183,8.75
Seg 4: Business,A. Premium,ragdoll-football-2-players,Ragdoll Football 2 Players,https://1games.io/ragdoll-football-2-players,1Games,Arcade,Arcade|Sports,stickman|soccer|2-player|ragdoll,8.5,48,,1589,1880,1250,78.67,261.0,2283.0,1.183,8.75
Seg 5: Funnel,A. Premium,ragdoll-football-2-players,Ragdoll Football 2 Players,https://1games.io/ragdoll-football-2-players,1Games,Arcade,Arcade|Sports,stickman|soccer|2-player|ragdoll,8.5,48,,1589,1880,1250,78.67,261.0,2283.0,1.183,8.75
Seg 6: Cluster,Cluster 1: Premium,ragdoll-football-2-players,Ragdoll Football 2 Players,https://1games.io/ragdoll-football-2-players,1Games,Arcade,Arcade|Sports,stickman|soccer|2-player|ragdoll,8.5,48,,1589,1880,1250,78.67,261.0,2283.0,1.183,8.75
Seg 1: Quality,A. Premium,fly-simulator-2d,Fly Simulator 2D,https://1games.io/fly-simulator-2d,1Games,Casual,Casual|Simulation,2d|1-player|rpg,8.1,26,,1587,1667,1191,75.05,104.0,1870.0,1.05,17.98
Seg 2: Retention,C. Eng-No-Repeat,fly-simulator-2d,Fly Simulator 2D,https://1games.io/fly-simulator-2d,1Games,Casual,Casual|Simulation,2d|1-player|rpg,8.1,26,,1587,1667,1191,75.05,104.0,1870.0,1.05,17.98
Seg 3: Distribution,Bimodal,fly-simulator-2d,Fly Simulator 2D,https://1games.io/fly-simulator-2d,1Games,Casual,Casual|Simulation,2d|1-player|rpg,8.1,26,,1587,1667,1191,75.05,104.0,1870.0,1.05,17.98
Seg 4: Business,A. Premium,fly-simulator-2d,Fly Simulator 2D,https://1games.io/fly-simulator-2d,1Games,Casual,Casual|Simulation,2d|1-player|rpg,8.1,26,,1587,1667,1191,75.05,104.0,1870.0,1.05,17.98
Seg 5: Funnel,A. Premium,fly-simulator-2d,Fly Simulator 2D,https://1games.io/fly-simulator-2d,1Games,Casual,Casual|Simulation,2d|1-player|rpg,8.1,26,,1587,1667,1191,75.05,104.0,1870.0,1.05,17.98
Seg 6: Cluster,Cluster 1: Premium,fly-simulator-2d,Fly Simulator 2D,https://1games.io/fly-simulator-2d,1Games,Casual,Casual|Simulation,2d|1-player|rpg,8.1,26,,1587,1667,1191,75.05,104.0,1870.0,1.05,17.98
Seg 1: Quality,A. Premium,ramp-car-police-chase,Ramp Car: Police Chase,https://1games.io/ramp-car-police-chase,1Games,Driving,Driving|Simulation,speed|car|racing|boys|destroy,9.1,57,,1485,1682,1249,84.11,317.0,2942.6,1.133,9.28
Seg 2: Retention,B. Repeat-Casual,ramp-car-police-chase,Ramp Car: Police Chase,https://1games.io/ramp-car-police-chase,1Games,Driving,Driving|Simulation,speed|car|racing|boys|destroy,9.1,57,,1485,1682,1249,84.11,317.0,2942.6,1.133,9.28
Seg 3: Distribution,Moderate,ramp-car-police-chase,Ramp Car: Police Chase,https://1games.io/ramp-car-police-chase,1Games,Driving,Driving|Simulation,speed|car|racing|boys|destroy,9.1,57,,1485,1682,1249,84.11,317.0,2942.6,1.133,9.28
Seg 4: Business,A. Premium,ramp-car-police-chase,Ramp Car: Police Chase,https://1games.io/ramp-car-police-chase,1Games,Driving,Driving|Simulation,speed|car|racing|boys|destroy,9.1,57,,1485,1682,1249,84.11,317.0,2942.6,1.133,9.28
Seg 5: Funnel,A. Premium,ramp-car-police-chase,Ramp Car: Police Chase,https://1games.io/ramp-car-police-chase,1Games,Driving,Driving|Simulation,speed|car|racing|boys|destroy,9.1,57,,1485,1682,1249,84.11,317.0,2942.6,1.133,9.28
Seg 6: Cluster,Cluster 1: Premium,ramp-car-police-chase,Ramp Car: Police Chase,https://1games.io/ramp-car-police-chase,1Games,Driving,Driving|Simulation,speed|car|racing|boys|destroy,9.1,57,,1485,1682,1249,84.11,317.0,2942.6,1.133,9.28
Seg 1: Quality,A. Premium,police-gangster-chase,Police Gangster Chase,https://1games.io/police-gangster-chase,1Games,Action,Action|Driving,speed|3d|car|racing,7.8,27,,1433,1550,1107,77.25,215.0,1986.3,1.082,9.24
Seg 2: Retention,C. Eng-No-Repeat,police-gangster-chase,Police Gangster Chase,https://1games.io/police-gangster-chase,1Games,Action,Action|Driving,speed|3d|car|racing,7.8,27,,1433,1550,1107,77.25,215.0,1986.3,1.082,9.24
Seg 3: Distribution,Moderate,police-gangster-chase,Police Gangster Chase,https://1games.io/police-gangster-chase,1Games,Action,Action|Driving,speed|3d|car|racing,7.8,27,,1433,1550,1107,77.25,215.0,1986.3,1.082,9.24
Seg 4: Business,A. Premium,police-gangster-chase,Police Gangster Chase,https://1games.io/police-gangster-chase,1Games,Action,Action|Driving,speed|3d|car|racing,7.8,27,,1433,1550,1107,77.25,215.0,1986.3,1.082,9.24
Seg 5: Funnel,A. Premium,police-gangster-chase,Police Gangster Chase,https://1games.io/police-gangster-chase,1Games,Action,Action|Driving,speed|3d|car|racing,7.8,27,,1433,1550,1107,77.25,215.0,1986.3,1.082,9.24
Seg 6: Cluster,Cluster 1: Premium,police-gangster-chase,Police Gangster Chase,https://1games.io/police-gangster-chase,1Games,Action,Action|Driving,speed|3d|car|racing,7.8,27,,1433,1550,1107,77.25,215.0,1986.3,1.082,9.24
Seg 1: Quality,A. Premium,a-hole-without-a-bottom-battle-royale,A Hole without a Bottom: Battle Royale,https://1games.io/a-hole-without-a-bottom-battle-royale,1Games,Arcade,Arcade|Survival,funny|battle-royale|arena|collecting,5.8,26,,1419,1640,1165,82.1,238.5,3028.9,1.156,12.7
Seg 2: Retention,B. Repeat-Casual,a-hole-without-a-bottom-battle-royale,A Hole without a Bottom: Battle Royale,https://1games.io/a-hole-without-a-bottom-battle-royale,1Games,Arcade,Arcade|Survival,funny|battle-royale|arena|collecting,5.8,26,,1419,1640,1165,82.1,238.5,3028.9,1.156,12.7
Seg 3: Distribution,Bimodal,a-hole-without-a-bottom-battle-royale,A Hole without a Bottom: Battle Royale,https://1games.io/a-hole-without-a-bottom-battle-royale,1Games,Arcade,Arcade|Survival,funny|battle-royale|arena|collecting,5.8,26,,1419,1640,1165,82.1,238.5,3028.9,1.156,12.7
Seg 4: Business,A. Premium,a-hole-without-a-bottom-battle-royale,A Hole without a Bottom: Battle Royale,https://1games.io/a-hole-without-a-bottom-battle-royale,1Games,Arcade,Arcade|Survival,funny|battle-royale|arena|collecting,5.8,26,,1419,1640,1165,82.1,238.5,3028.9,1.156,12.7
Seg 5: Funnel,A. Premium,a-hole-without-a-bottom-battle-royale,A Hole without a Bottom: Battle Royale,https://1games.io/a-hole-without-a-bottom-battle-royale,1Games,Arcade,Arcade|Survival,funny|battle-royale|arena|collecting,5.8,26,,1419,1640,1165,82.1,238.5,3028.9,1.156,12.7
Seg 6: Cluster,Cluster 1: Premium,a-hole-without-a-bottom-battle-royale,A Hole without a Bottom: Battle Royale,https://1games.io/a-hole-without-a-bottom-battle-royale,1Games,Arcade,Arcade|Survival,funny|battle-royale|arena|collecting,5.8,26,,1419,1640,1165,82.1,238.5,3028.9,1.156,12.7
Seg 1: Quality,A. Premium,crashy-rush,Crashy Rush,https://1games.io/crashy-rush,AZGames,Arcade,Arcade|Driving,speed|3d|car|obstacle|avoid|physics,9.1,54,2026-09-14,1406,2157,1079,76.74,171.5,1850.8,1.534,10.79
Seg 2: Retention,A. Sticky,crashy-rush,Crashy Rush,https://1games.io/crashy-rush,AZGames,Arcade,Arcade|Driving,speed|3d|car|obstacle|avoid|physics,9.1,54,2026-09-14,1406,2157,1079,76.74,171.5,1850.8,1.534,10.79
Seg 3: Distribution,Bimodal,crashy-rush,Crashy Rush,https://1games.io/crashy-rush,AZGames,Arcade,Arcade|Driving,speed|3d|car|obstacle|avoid|physics,9.1,54,2026-09-14,1406,2157,1079,76.74,171.5,1850.8,1.534,10.79
Seg 4: Business,A. Premium,crashy-rush,Crashy Rush,https://1games.io/crashy-rush,AZGames,Arcade,Arcade|Driving,speed|3d|car|obstacle|avoid|physics,9.1,54,2026-09-14,1406,2157,1079,76.74,171.5,1850.8,1.534,10.79
Seg 5: Funnel,A. Premium,crashy-rush,Crashy Rush,https://1games.io/crashy-rush,AZGames,Arcade,Arcade|Driving,speed|3d|car|obstacle|avoid|physics,9.1,54,2026-09-14,1406,2157,1079,76.74,171.5,1850.8,1.534,10.79
Seg 6: Cluster,Cluster 1: Premium,crashy-rush,Crashy Rush,https://1games.io/crashy-rush,AZGames,Arcade,Arcade|Driving,speed|3d|car|obstacle|avoid|physics,9.1,54,2026-09-14,1406,2157,1079,76.74,171.5,1850.8,1.534,10.79
Seg 1: Quality,A. Premium,drunk-basket,Drunk Basket,https://1games.io/drunk-basket,1Games,Arcade,Arcade|Sports,2-player|funny|physics|basketball|ragdoll,5.9,22,,1398,1549,1062,75.97,161.0,1658.0,1.108,10.3
Seg 2: Retention,B. Repeat-Casual,drunk-basket,Drunk Basket,https://1games.io/drunk-basket,1Games,Arcade,Arcade|Sports,2-player|funny|physics|basketball|ragdoll,5.9,22,,1398,1549,1062,75.97,161.0,1658.0,1.108,10.3
Seg 3: Distribution,Bimodal,drunk-basket,Drunk Basket,https://1games.io/drunk-basket,1Games,Arcade,Arcade|Sports,2-player|funny|physics|basketball|ragdoll,5.9,22,,1398,1549,1062,75.97,161.0,1658.0,1.108,10.3
Seg 4: Business,A. Premium,drunk-basket,Drunk Basket,https://1games.io/drunk-basket,1Games,Arcade,Arcade|Sports,2-player|funny|physics|basketball|ragdoll,5.9,22,,1398,1549,1062,75.97,161.0,1658.0,1.108,10.3
Seg 5: Funnel,A. Premium,drunk-basket,Drunk Basket,https://1games.io/drunk-basket,1Games,Arcade,Arcade|Sports,2-player|funny|physics|basketball|ragdoll,5.9,22,,1398,1549,1062,75.97,161.0,1658.0,1.108,10.3
Seg 6: Cluster,Cluster 1: Premium,drunk-basket,Drunk Basket,https://1games.io/drunk-basket,1Games,Arcade,Arcade|Sports,2-player|funny|physics|basketball|ragdoll,5.9,22,,1398,1549,1062,75.97,161.0,1658.0,1.108,10.3
Seg 1: Quality,A. Premium,snowcross-stunts-x3m,Snowcross Stunts X3M,https://1games.io/snowcross-stunts-x3m,1Games,Arcade,Arcade|Sports,moto-x3m|speed|physics|side-scrolling|backflip,6.7,33,,1359,1481,1044,76.82,211.0,2131.7,1.09,10.1
Seg 2: Retention,C. Eng-No-Repeat,snowcross-stunts-x3m,Snowcross Stunts X3M,https://1games.io/snowcross-stunts-x3m,1Games,Arcade,Arcade|Sports,moto-x3m|speed|physics|side-scrolling|backflip,6.7,33,,1359,1481,1044,76.82,211.0,2131.7,1.09,10.1
Seg 3: Distribution,Bimodal,snowcross-stunts-x3m,Snowcross Stunts X3M,https://1games.io/snowcross-stunts-x3m,1Games,Arcade,Arcade|Sports,moto-x3m|speed|physics|side-scrolling|backflip,6.7,33,,1359,1481,1044,76.82,211.0,2131.7,1.09,10.1
Seg 4: Business,A. Premium,snowcross-stunts-x3m,Snowcross Stunts X3M,https://1games.io/snowcross-stunts-x3m,1Games,Arcade,Arcade|Sports,moto-x3m|speed|physics|side-scrolling|backflip,6.7,33,,1359,1481,1044,76.82,211.0,2131.7,1.09,10.1
Seg 5: Funnel,A. Premium,snowcross-stunts-x3m,Snowcross Stunts X3M,https://1games.io/snowcross-stunts-x3m,1Games,Arcade,Arcade|Sports,moto-x3m|speed|physics|side-scrolling|backflip,6.7,33,,1359,1481,1044,76.82,211.0,2131.7,1.09,10.1
Seg 6: Cluster,Cluster 1: Premium,snowcross-stunts-x3m,Snowcross Stunts X3M,https://1games.io/snowcross-stunts-x3m,1Games,Arcade,Arcade|Sports,moto-x3m|speed|physics|side-scrolling|backflip,6.7,33,,1359,1481,1044,76.82,211.0,2131.7,1.09,10.1
Seg 1: Quality,A. Premium,skate-1-speed,SKATE +1 Speed,https://1games.io/skate-1-speed,1Games,Casual,Casual|Platform,parkour|obby|skateboarding|incremental,8.6,28,,1348,1525,1061,78.71,156.5,2685.5,1.131,17.16
Seg 2: Retention,B. Repeat-Casual,skate-1-speed,SKATE +1 Speed,https://1games.io/skate-1-speed,1Games,Casual,Casual|Platform,parkour|obby|skateboarding|incremental,8.6,28,,1348,1525,1061,78.71,156.5,2685.5,1.131,17.16
Seg 3: Distribution,Bimodal,skate-1-speed,SKATE +1 Speed,https://1games.io/skate-1-speed,1Games,Casual,Casual|Platform,parkour|obby|skateboarding|incremental,8.6,28,,1348,1525,1061,78.71,156.5,2685.5,1.131,17.16
Seg 4: Business,A. Premium,skate-1-speed,SKATE +1 Speed,https://1games.io/skate-1-speed,1Games,Casual,Casual|Platform,parkour|obby|skateboarding|incremental,8.6,28,,1348,1525,1061,78.71,156.5,2685.5,1.131,17.16
Seg 5: Funnel,A. Premium,skate-1-speed,SKATE +1 Speed,https://1games.io/skate-1-speed,1Games,Casual,Casual|Platform,parkour|obby|skateboarding|incremental,8.6,28,,1348,1525,1061,78.71,156.5,2685.5,1.131,17.16
Seg 6: Cluster,Cluster 1: Premium,skate-1-speed,SKATE +1 Speed,https://1games.io/skate-1-speed,1Games,Casual,Casual|Platform,parkour|obby|skateboarding|incremental,8.6,28,,1348,1525,1061,78.71,156.5,2685.5,1.131,17.16
Seg 1: Quality,A. Premium,motor-sport-derby,Motor Sport Derby,https://1games.io/motor-sport-derby,1Games,Driving,Driving|Simulation,speed|racing|2-player|drifting,8.7,62,,1311,1492,1123,85.66,336.0,2937.2,1.138,8.74
Seg 2: Retention,B. Repeat-Casual,motor-sport-derby,Motor Sport Derby,https://1games.io/motor-sport-derby,1Games,Driving,Driving|Simulation,speed|racing|2-player|drifting,8.7,62,,1311,1492,1123,85.66,336.0,2937.2,1.138,8.74
Seg 3: Distribution,Moderate,motor-sport-derby,Motor Sport Derby,https://1games.io/motor-sport-derby,1Games,Driving,Driving|Simulation,speed|racing|2-player|drifting,8.7,62,,1311,1492,1123,85.66,336.0,2937.2,1.138,8.74
Seg 4: Business,A. Premium,motor-sport-derby,Motor Sport Derby,https://1games.io/motor-sport-derby,1Games,Driving,Driving|Simulation,speed|racing|2-player|drifting,8.7,62,,1311,1492,1123,85.66,336.0,2937.2,1.138,8.74
Seg 5: Funnel,A. Premium,motor-sport-derby,Motor Sport Derby,https://1games.io/motor-sport-derby,1Games,Driving,Driving|Simulation,speed|racing|2-player|drifting,8.7,62,,1311,1492,1123,85.66,336.0,2937.2,1.138,8.74
Seg 6: Cluster,Cluster 1: Premium,motor-sport-derby,Motor Sport Derby,https://1games.io/motor-sport-derby,1Games,Driving,Driving|Simulation,speed|racing|2-player|drifting,8.7,62,,1311,1492,1123,85.66,336.0,2937.2,1.138,8.74
Seg 1: Quality,A. Premium,mega-ramp-car-stunts,Mega Ramp Car Stunts,https://1games.io/mega-ramp-car-stunts,1Games,Driving,Driving,speed|3d|car|racing,7.5,24,,1244,1349,996,80.06,272.0,2148.8,1.084,7.9
Seg 2: Retention,C. Eng-No-Repeat,mega-ramp-car-stunts,Mega Ramp Car Stunts,https://1games.io/mega-ramp-car-stunts,1Games,Driving,Driving,speed|3d|car|racing,7.5,24,,1244,1349,996,80.06,272.0,2148.8,1.084,7.9
Seg 3: Distribution,Moderate,mega-ramp-car-stunts,Mega Ramp Car Stunts,https://1games.io/mega-ramp-car-stunts,1Games,Driving,Driving,speed|3d|car|racing,7.5,24,,1244,1349,996,80.06,272.0,2148.8,1.084,7.9
Seg 4: Business,A. Premium,mega-ramp-car-stunts,Mega Ramp Car Stunts,https://1games.io/mega-ramp-car-stunts,1Games,Driving,Driving,speed|3d|car|racing,7.5,24,,1244,1349,996,80.06,272.0,2148.8,1.084,7.9
Seg 5: Funnel,A. Premium,mega-ramp-car-stunts,Mega Ramp Car Stunts,https://1games.io/mega-ramp-car-stunts,1Games,Driving,Driving,speed|3d|car|racing,7.5,24,,1244,1349,996,80.06,272.0,2148.8,1.084,7.9
Seg 6: Cluster,Cluster 1: Premium,mega-ramp-car-stunts,Mega Ramp Car Stunts,https://1games.io/mega-ramp-car-stunts,1Games,Driving,Driving,speed|3d|car|racing,7.5,24,,1244,1349,996,80.06,272.0,2148.8,1.084,7.9
Seg 1: Quality,A. Premium,military-strike,Military Strike,https://1games.io/military-strike,1Games,Action,Action|Shooting|Survival,team|gun|weapon|fps|fast-paced,8.3,59,,1204,1446,1008,83.72,298.0,2526.4,1.201,8.48
Seg 2: Retention,B. Repeat-Casual,military-strike,Military Strike,https://1games.io/military-strike,1Games,Action,Action|Shooting|Survival,team|gun|weapon|fps|fast-paced,8.3,59,,1204,1446,1008,83.72,298.0,2526.4,1.201,8.48
Seg 3: Distribution,Moderate,military-strike,Military Strike,https://1games.io/military-strike,1Games,Action,Action|Shooting|Survival,team|gun|weapon|fps|fast-paced,8.3,59,,1204,1446,1008,83.72,298.0,2526.4,1.201,8.48
Seg 4: Business,A. Premium,military-strike,Military Strike,https://1games.io/military-strike,1Games,Action,Action|Shooting|Survival,team|gun|weapon|fps|fast-paced,8.3,59,,1204,1446,1008,83.72,298.0,2526.4,1.201,8.48
Seg 5: Funnel,A. Premium,military-strike,Military Strike,https://1games.io/military-strike,1Games,Action,Action|Shooting|Survival,team|gun|weapon|fps|fast-paced,8.3,59,,1204,1446,1008,83.72,298.0,2526.4,1.201,8.48
Seg 6: Cluster,Cluster 1: Premium,military-strike,Military Strike,https://1games.io/military-strike,1Games,Action,Action|Shooting|Survival,team|gun|weapon|fps|fast-paced,8.3,59,,1204,1446,1008,83.72,298.0,2526.4,1.201,8.48
Seg 1: Quality,A. Premium,stick-vs-zombies-stick-epic-fight,Stick vs Zombies: Stick Epic Fight,https://1games.io/stick-vs-zombies-stick-epic-fight,1Games,Action,Action|Adventure|Platform,stickman|weapon|zombie|fighting,7.7,48,,1193,1431,933,78.21,187.0,2849.2,1.199,15.24
Seg 2: Retention,B. Repeat-Casual,stick-vs-zombies-stick-epic-fight,Stick vs Zombies: Stick Epic Fight,https://1games.io/stick-vs-zombies-stick-epic-fight,1Games,Action,Action|Adventure|Platform,stickman|weapon|zombie|fighting,7.7,48,,1193,1431,933,78.21,187.0,2849.2,1.199,15.24
Seg 3: Distribution,Bimodal,stick-vs-zombies-stick-epic-fight,Stick vs Zombies: Stick Epic Fight,https://1games.io/stick-vs-zombies-stick-epic-fight,1Games,Action,Action|Adventure|Platform,stickman|weapon|zombie|fighting,7.7,48,,1193,1431,933,78.21,187.0,2849.2,1.199,15.24
Seg 4: Business,A. Premium,stick-vs-zombies-stick-epic-fight,Stick vs Zombies: Stick Epic Fight,https://1games.io/stick-vs-zombies-stick-epic-fight,1Games,Action,Action|Adventure|Platform,stickman|weapon|zombie|fighting,7.7,48,,1193,1431,933,78.21,187.0,2849.2,1.199,15.24
Seg 5: Funnel,A. Premium,stick-vs-zombies-stick-epic-fight,Stick vs Zombies: Stick Epic Fight,https://1games.io/stick-vs-zombies-stick-epic-fight,1Games,Action,Action|Adventure|Platform,stickman|weapon|zombie|fighting,7.7,48,,1193,1431,933,78.21,187.0,2849.2,1.199,15.24
Seg 6: Cluster,Cluster 1: Premium,stick-vs-zombies-stick-epic-fight,Stick vs Zombies: Stick Epic Fight,https://1games.io/stick-vs-zombies-stick-epic-fight,1Games,Action,Action|Adventure|Platform,stickman|weapon|zombie|fighting,7.7,48,,1193,1431,933,78.21,187.0,2849.2,1.199,15.24
Seg 1: Quality,A. Premium,upgrade-the-cars,Upgrade the CARS,https://1games.io/upgrade-the-cars,1Games,Casual,Casual,running|car|math|collecting,5.3,34,,1175,1277,1024,87.15,333.5,2695.2,1.087,8.08
Seg 2: Retention,C. Eng-No-Repeat,upgrade-the-cars,Upgrade the CARS,https://1games.io/upgrade-the-cars,1Games,Casual,Casual,running|car|math|collecting,5.3,34,,1175,1277,1024,87.15,333.5,2695.2,1.087,8.08
Seg 3: Distribution,Moderate,upgrade-the-cars,Upgrade the CARS,https://1games.io/upgrade-the-cars,1Games,Casual,Casual,running|car|math|collecting,5.3,34,,1175,1277,1024,87.15,333.5,2695.2,1.087,8.08
Seg 4: Business,A. Premium,upgrade-the-cars,Upgrade the CARS,https://1games.io/upgrade-the-cars,1Games,Casual,Casual,running|car|math|collecting,5.3,34,,1175,1277,1024,87.15,333.5,2695.2,1.087,8.08
Seg 5: Funnel,A. Premium,upgrade-the-cars,Upgrade the CARS,https://1games.io/upgrade-the-cars,1Games,Casual,Casual,running|car|math|collecting,5.3,34,,1175,1277,1024,87.15,333.5,2695.2,1.087,8.08
Seg 6: Cluster,Cluster 1: Premium,upgrade-the-cars,Upgrade the CARS,https://1games.io/upgrade-the-cars,1Games,Casual,Casual,running|car|math|collecting,5.3,34,,1175,1277,1024,87.15,333.5,2695.2,1.087,8.08
Seg 1: Quality,A. Premium,steal-an-egg-original,Steal an Egg Original,https://1games.io/steal-an-egg-original,1Games,Simulation,Simulation,management|collecting|animal|egg,6.8,41,,1170,1364,828,70.77,88.0,2154.7,1.166,24.49
Seg 2: Retention,B. Repeat-Casual,steal-an-egg-original,Steal an Egg Original,https://1games.io/steal-an-egg-original,1Games,Simulation,Simulation,management|collecting|animal|egg,6.8,41,,1170,1364,828,70.77,88.0,2154.7,1.166,24.49
Seg 3: Distribution,Bimodal,steal-an-egg-original,Steal an Egg Original,https://1games.io/steal-an-egg-original,1Games,Simulation,Simulation,management|collecting|animal|egg,6.8,41,,1170,1364,828,70.77,88.0,2154.7,1.166,24.49
Seg 4: Business,A. Premium,steal-an-egg-original,Steal an Egg Original,https://1games.io/steal-an-egg-original,1Games,Simulation,Simulation,management|collecting|animal|egg,6.8,41,,1170,1364,828,70.77,88.0,2154.7,1.166,24.49
Seg 5: Funnel,A. Premium,steal-an-egg-original,Steal an Egg Original,https://1games.io/steal-an-egg-original,1Games,Simulation,Simulation,management|collecting|animal|egg,6.8,41,,1170,1364,828,70.77,88.0,2154.7,1.166,24.49
Seg 6: Cluster,Cluster 1: Premium,steal-an-egg-original,Steal an Egg Original,https://1games.io/steal-an-egg-original,1Games,Simulation,Simulation,management|collecting|animal|egg,6.8,41,,1170,1364,828,70.77,88.0,2154.7,1.166,24.49
Seg 1: Quality,A. Premium,football-draft-squad-builder,Football Draft: Squad Builder,https://1games.io/football-draft-squad-builder,1Games,Sports,Sports|Simulation,soccer|team|crafting|card|build,8,25,,1170,1387,906,77.44,198.0,2775.0,1.185,14.02
Seg 2: Retention,B. Repeat-Casual,football-draft-squad-builder,Football Draft: Squad Builder,https://1games.io/football-draft-squad-builder,1Games,Sports,Sports|Simulation,soccer|team|crafting|card|build,8,25,,1170,1387,906,77.44,198.0,2775.0,1.185,14.02
Seg 3: Distribution,Bimodal,football-draft-squad-builder,Football Draft: Squad Builder,https://1games.io/football-draft-squad-builder,1Games,Sports,Sports|Simulation,soccer|team|crafting|card|build,8,25,,1170,1387,906,77.44,198.0,2775.0,1.185,14.02
Seg 4: Business,A. Premium,football-draft-squad-builder,Football Draft: Squad Builder,https://1games.io/football-draft-squad-builder,1Games,Sports,Sports|Simulation,soccer|team|crafting|card|build,8,25,,1170,1387,906,77.44,198.0,2775.0,1.185,14.02
Seg 5: Funnel,A. Premium,football-draft-squad-builder,Football Draft: Squad Builder,https://1games.io/football-draft-squad-builder,1Games,Sports,Sports|Simulation,soccer|team|crafting|card|build,8,25,,1170,1387,906,77.44,198.0,2775.0,1.185,14.02
Seg 6: Cluster,Cluster 1: Premium,football-draft-squad-builder,Football Draft: Squad Builder,https://1games.io/football-draft-squad-builder,1Games,Sports,Sports|Simulation,soccer|team|crafting|card|build,8,25,,1170,1387,906,77.44,198.0,2775.0,1.185,14.02
Seg 1: Quality,A. Premium,skyhop-3d-parkour-adventure,SkyHop — 3D Parkour Adventure,https://1games.io/skyhop-3d-parkour-adventure,1Games,Adventure,Adventure|Platform,parkour|jumping|3d|collecting,8.9,44,,1110,1219,833,75.05,159.0,1935.0,1.098,12.17
Seg 2: Retention,C. Eng-No-Repeat,skyhop-3d-parkour-adventure,SkyHop — 3D Parkour Adventure,https://1games.io/skyhop-3d-parkour-adventure,1Games,Adventure,Adventure|Platform,parkour|jumping|3d|collecting,8.9,44,,1110,1219,833,75.05,159.0,1935.0,1.098,12.17
Seg 3: Distribution,Bimodal,skyhop-3d-parkour-adventure,SkyHop — 3D Parkour Adventure,https://1games.io/skyhop-3d-parkour-adventure,1Games,Adventure,Adventure|Platform,parkour|jumping|3d|collecting,8.9,44,,1110,1219,833,75.05,159.0,1935.0,1.098,12.17
Seg 4: Business,A. Premium,skyhop-3d-parkour-adventure,SkyHop — 3D Parkour Adventure,https://1games.io/skyhop-3d-parkour-adventure,1Games,Adventure,Adventure|Platform,parkour|jumping|3d|collecting,8.9,44,,1110,1219,833,75.05,159.0,1935.0,1.098,12.17
Seg 5: Funnel,A. Premium,skyhop-3d-parkour-adventure,SkyHop — 3D Parkour Adventure,https://1games.io/skyhop-3d-parkour-adventure,1Games,Adventure,Adventure|Platform,parkour|jumping|3d|collecting,8.9,44,,1110,1219,833,75.05,159.0,1935.0,1.098,12.17
Seg 6: Cluster,Cluster 1: Premium,skyhop-3d-parkour-adventure,SkyHop — 3D Parkour Adventure,https://1games.io/skyhop-3d-parkour-adventure,1Games,Adventure,Adventure|Platform,parkour|jumping|3d|collecting,8.9,44,,1110,1219,833,75.05,159.0,1935.0,1.098,12.17
Seg 1: Quality,A. Premium,mine-blade-online,MINE BLADE Online,https://1games.io/mine-blade-online,1Games,Action,Action,multiplayer|sandbox|arena|fighting,8.8,24,,1096,1314,922,84.12,396.0,3015.0,1.199,7.61
Seg 2: Retention,B. Repeat-Casual,mine-blade-online,MINE BLADE Online,https://1games.io/mine-blade-online,1Games,Action,Action,multiplayer|sandbox|arena|fighting,8.8,24,,1096,1314,922,84.12,396.0,3015.0,1.199,7.61
Seg 3: Distribution,Moderate,mine-blade-online,MINE BLADE Online,https://1games.io/mine-blade-online,1Games,Action,Action,multiplayer|sandbox|arena|fighting,8.8,24,,1096,1314,922,84.12,396.0,3015.0,1.199,7.61
Seg 4: Business,A. Premium,mine-blade-online,MINE BLADE Online,https://1games.io/mine-blade-online,1Games,Action,Action,multiplayer|sandbox|arena|fighting,8.8,24,,1096,1314,922,84.12,396.0,3015.0,1.199,7.61
Seg 5: Funnel,A. Premium,mine-blade-online,MINE BLADE Online,https://1games.io/mine-blade-online,1Games,Action,Action,multiplayer|sandbox|arena|fighting,8.8,24,,1096,1314,922,84.12,396.0,3015.0,1.199,7.61
Seg 6: Cluster,Cluster 1: Premium,mine-blade-online,MINE BLADE Online,https://1games.io/mine-blade-online,1Games,Action,Action,multiplayer|sandbox|arena|fighting,8.8,24,,1096,1314,922,84.12,396.0,3015.0,1.199,7.61
Seg 1: Quality,A. Premium,war-of-gun,War Of Gun,https://1games.io/war-of-gun,1Games,Shooting,Shooting|Survival,gun|battle|zombie|war,8.2,62,,1061,1202,867,81.72,402.0,3524.8,1.133,8.77
Seg 2: Retention,B. Repeat-Casual,war-of-gun,War Of Gun,https://1games.io/war-of-gun,1Games,Shooting,Shooting|Survival,gun|battle|zombie|war,8.2,62,,1061,1202,867,81.72,402.0,3524.8,1.133,8.77
Seg 3: Distribution,Moderate,war-of-gun,War Of Gun,https://1games.io/war-of-gun,1Games,Shooting,Shooting|Survival,gun|battle|zombie|war,8.2,62,,1061,1202,867,81.72,402.0,3524.8,1.133,8.77
Seg 4: Business,A. Premium,war-of-gun,War Of Gun,https://1games.io/war-of-gun,1Games,Shooting,Shooting|Survival,gun|battle|zombie|war,8.2,62,,1061,1202,867,81.72,402.0,3524.8,1.133,8.77
Seg 5: Funnel,A. Premium,war-of-gun,War Of Gun,https://1games.io/war-of-gun,1Games,Shooting,Shooting|Survival,gun|battle|zombie|war,8.2,62,,1061,1202,867,81.72,402.0,3524.8,1.133,8.77
Seg 6: Cluster,Cluster 1: Premium,war-of-gun,War Of Gun,https://1games.io/war-of-gun,1Games,Shooting,Shooting|Survival,gun|battle|zombie|war,8.2,62,,1061,1202,867,81.72,402.0,3524.8,1.133,8.77
Seg 1: Quality,A. Premium,stick-guy-archer,Stick Guy Archer,https://1games.io/stick-guy-archer,1Games,Action,Action,stickman|1-player|2-player|weapon|archery,8.1,16,,1051,1207,873,83.06,287.5,3228.2,1.148,11.23
Seg 2: Retention,B. Repeat-Casual,stick-guy-archer,Stick Guy Archer,https://1games.io/stick-guy-archer,1Games,Action,Action,stickman|1-player|2-player|weapon|archery,8.1,16,,1051,1207,873,83.06,287.5,3228.2,1.148,11.23
Seg 3: Distribution,Bimodal,stick-guy-archer,Stick Guy Archer,https://1games.io/stick-guy-archer,1Games,Action,Action,stickman|1-player|2-player|weapon|archery,8.1,16,,1051,1207,873,83.06,287.5,3228.2,1.148,11.23
Seg 4: Business,A. Premium,stick-guy-archer,Stick Guy Archer,https://1games.io/stick-guy-archer,1Games,Action,Action,stickman|1-player|2-player|weapon|archery,8.1,16,,1051,1207,873,83.06,287.5,3228.2,1.148,11.23
Seg 5: Funnel,A. Premium,stick-guy-archer,Stick Guy Archer,https://1games.io/stick-guy-archer,1Games,Action,Action,stickman|1-player|2-player|weapon|archery,8.1,16,,1051,1207,873,83.06,287.5,3228.2,1.148,11.23
Seg 6: Cluster,Cluster 1: Premium,stick-guy-archer,Stick Guy Archer,https://1games.io/stick-guy-archer,1Games,Action,Action,stickman|1-player|2-player|weapon|archery,8.1,16,,1051,1207,873,83.06,287.5,3228.2,1.148,11.23
Seg 1: Quality,A. Premium,tower-rise,Tower Rise,https://1games.io/tower-rise,AZGames,Arcade,Arcade|Casual,3d|one-button|build|incremental,8.6,22,2026-09-02,1010,1230,818,80.99,255.5,2607.3,1.218,10.2
Seg 2: Retention,B. Repeat-Casual,tower-rise,Tower Rise,https://1games.io/tower-rise,AZGames,Arcade,Arcade|Casual,3d|one-button|build|incremental,8.6,22,2026-09-02,1010,1230,818,80.99,255.5,2607.3,1.218,10.2
Seg 3: Distribution,Bimodal,tower-rise,Tower Rise,https://1games.io/tower-rise,AZGames,Arcade,Arcade|Casual,3d|one-button|build|incremental,8.6,22,2026-09-02,1010,1230,818,80.99,255.5,2607.3,1.218,10.2
Seg 4: Business,A. Premium,tower-rise,Tower Rise,https://1games.io/tower-rise,AZGames,Arcade,Arcade|Casual,3d|one-button|build|incremental,8.6,22,2026-09-02,1010,1230,818,80.99,255.5,2607.3,1.218,10.2
Seg 5: Funnel,A. Premium,tower-rise,Tower Rise,https://1games.io/tower-rise,AZGames,Arcade,Arcade|Casual,3d|one-button|build|incremental,8.6,22,2026-09-02,1010,1230,818,80.99,255.5,2607.3,1.218,10.2
Seg 6: Cluster,Cluster 1: Premium,tower-rise,Tower Rise,https://1games.io/tower-rise,AZGames,Arcade,Arcade|Casual,3d|one-button|build|incremental,8.6,22,2026-09-02,1010,1230,818,80.99,255.5,2607.3,1.218,10.2
Seg 1: Quality,A. Premium,obby-1-double-jump,Obby +1 Double Jump,https://1games.io/obby-1-double-jump,1Games,Clicker,Clicker|Platform,parkour|multiplayer|obby|incremental,9.2,39,,985,1170,767,77.87,177.0,2679.8,1.188,15.14
Seg 2: Retention,B. Repeat-Casual,obby-1-double-jump,Obby +1 Double Jump,https://1games.io/obby-1-double-jump,1Games,Clicker,Clicker|Platform,parkour|multiplayer|obby|incremental,9.2,39,,985,1170,767,77.87,177.0,2679.8,1.188,15.14
Seg 3: Distribution,Bimodal,obby-1-double-jump,Obby +1 Double Jump,https://1games.io/obby-1-double-jump,1Games,Clicker,Clicker|Platform,parkour|multiplayer|obby|incremental,9.2,39,,985,1170,767,77.87,177.0,2679.8,1.188,15.14
Seg 4: Business,A. Premium,obby-1-double-jump,Obby +1 Double Jump,https://1games.io/obby-1-double-jump,1Games,Clicker,Clicker|Platform,parkour|multiplayer|obby|incremental,9.2,39,,985,1170,767,77.87,177.0,2679.8,1.188,15.14
Seg 5: Funnel,A. Premium,obby-1-double-jump,Obby +1 Double Jump,https://1games.io/obby-1-double-jump,1Games,Clicker,Clicker|Platform,parkour|multiplayer|obby|incremental,9.2,39,,985,1170,767,77.87,177.0,2679.8,1.188,15.14
Seg 6: Cluster,Cluster 1: Premium,obby-1-double-jump,Obby +1 Double Jump,https://1games.io/obby-1-double-jump,1Games,Clicker,Clicker|Platform,parkour|multiplayer|obby|incremental,9.2,39,,985,1170,767,77.87,177.0,2679.8,1.188,15.14
Seg 1: Quality,A. Premium,1-speed-keyboard-lucky-escape,+1 Speed Keyboard Lucky Escape,https://1games.io/1-speed-keyboard-lucky-escape,1Games,Casual,Casual|Platform,speed|running|1-player|2-player|funny|obby|incremental,8.8,56,,956,1050,722,75.52,197.0,1639.8,1.098,8.32
Seg 2: Retention,C. Eng-No-Repeat,1-speed-keyboard-lucky-escape,+1 Speed Keyboard Lucky Escape,https://1games.io/1-speed-keyboard-lucky-escape,1Games,Casual,Casual|Platform,speed|running|1-player|2-player|funny|obby|incremental,8.8,56,,956,1050,722,75.52,197.0,1639.8,1.098,8.32
Seg 3: Distribution,Moderate,1-speed-keyboard-lucky-escape,+1 Speed Keyboard Lucky Escape,https://1games.io/1-speed-keyboard-lucky-escape,1Games,Casual,Casual|Platform,speed|running|1-player|2-player|funny|obby|incremental,8.8,56,,956,1050,722,75.52,197.0,1639.8,1.098,8.32
Seg 4: Business,A. Premium,1-speed-keyboard-lucky-escape,+1 Speed Keyboard Lucky Escape,https://1games.io/1-speed-keyboard-lucky-escape,1Games,Casual,Casual|Platform,speed|running|1-player|2-player|funny|obby|incremental,8.8,56,,956,1050,722,75.52,197.0,1639.8,1.098,8.32
Seg 5: Funnel,A. Premium,1-speed-keyboard-lucky-escape,+1 Speed Keyboard Lucky Escape,https://1games.io/1-speed-keyboard-lucky-escape,1Games,Casual,Casual|Platform,speed|running|1-player|2-player|funny|obby|incremental,8.8,56,,956,1050,722,75.52,197.0,1639.8,1.098,8.32
Seg 6: Cluster,Cluster 1: Premium,1-speed-keyboard-lucky-escape,+1 Speed Keyboard Lucky Escape,https://1games.io/1-speed-keyboard-lucky-escape,1Games,Casual,Casual|Platform,speed|running|1-player|2-player|funny|obby|incremental,8.8,56,,956,1050,722,75.52,197.0,1639.8,1.098,8.32
Seg 1: Quality,A. Premium,sword-simulator,Sword Simulator,https://1games.io/sword-simulator,1Games,Arcade,Arcade|Survival,idle|weapon|rpg|collecting|obby,7.8,18,,917,1009,671,73.17,135.0,2581.5,1.1,19.12
Seg 2: Retention,B. Repeat-Casual,sword-simulator,Sword Simulator,https://1games.io/sword-simulator,1Games,Arcade,Arcade|Survival,idle|weapon|rpg|collecting|obby,7.8,18,,917,1009,671,73.17,135.0,2581.5,1.1,19.12
Seg 3: Distribution,Bimodal,sword-simulator,Sword Simulator,https://1games.io/sword-simulator,1Games,Arcade,Arcade|Survival,idle|weapon|rpg|collecting|obby,7.8,18,,917,1009,671,73.17,135.0,2581.5,1.1,19.12
Seg 4: Business,A. Premium,sword-simulator,Sword Simulator,https://1games.io/sword-simulator,1Games,Arcade,Arcade|Survival,idle|weapon|rpg|collecting|obby,7.8,18,,917,1009,671,73.17,135.0,2581.5,1.1,19.12
Seg 5: Funnel,A. Premium,sword-simulator,Sword Simulator,https://1games.io/sword-simulator,1Games,Arcade,Arcade|Survival,idle|weapon|rpg|collecting|obby,7.8,18,,917,1009,671,73.17,135.0,2581.5,1.1,19.12
Seg 6: Cluster,Cluster 1: Premium,sword-simulator,Sword Simulator,https://1games.io/sword-simulator,1Games,Arcade,Arcade|Survival,idle|weapon|rpg|collecting|obby,7.8,18,,917,1009,671,73.17,135.0,2581.5,1.1,19.12
Seg 1: Quality,A. Premium,drifty-road-rush,Drifty Road Rush,https://1games.io/drifty-road-rush,1Games,Arcade,Arcade|Driving,skill|car|racing|drifting,4.5,22,,885,903,656,74.12,100.5,1387.4,1.02,13.8
Seg 2: Retention,C. Eng-No-Repeat,drifty-road-rush,Drifty Road Rush,https://1games.io/drifty-road-rush,1Games,Arcade,Arcade|Driving,skill|car|racing|drifting,4.5,22,,885,903,656,74.12,100.5,1387.4,1.02,13.8
Seg 3: Distribution,Bimodal,drifty-road-rush,Drifty Road Rush,https://1games.io/drifty-road-rush,1Games,Arcade,Arcade|Driving,skill|car|racing|drifting,4.5,22,,885,903,656,74.12,100.5,1387.4,1.02,13.8
Seg 4: Business,A. Premium,drifty-road-rush,Drifty Road Rush,https://1games.io/drifty-road-rush,1Games,Arcade,Arcade|Driving,skill|car|racing|drifting,4.5,22,,885,903,656,74.12,100.5,1387.4,1.02,13.8
Seg 5: Funnel,A. Premium,drifty-road-rush,Drifty Road Rush,https://1games.io/drifty-road-rush,1Games,Arcade,Arcade|Driving,skill|car|racing|drifting,4.5,22,,885,903,656,74.12,100.5,1387.4,1.02,13.8
Seg 6: Cluster,Cluster 1: Premium,drifty-road-rush,Drifty Road Rush,https://1games.io/drifty-road-rush,1Games,Arcade,Arcade|Driving,skill|car|racing|drifting,4.5,22,,885,903,656,74.12,100.5,1387.4,1.02,13.8
Seg 1: Quality,A. Premium,archer-ragdoll-masters,Archer Ragdoll Masters,https://1games.io/archer-ragdoll-masters,1Games,Action,Action,stickman|physics|weapon|ragdoll|archery,7.7,30,,786,954,658,83.72,283.0,3309.4,1.214,11.69
Seg 2: Retention,B. Repeat-Casual,archer-ragdoll-masters,Archer Ragdoll Masters,https://1games.io/archer-ragdoll-masters,1Games,Action,Action,stickman|physics|weapon|ragdoll|archery,7.7,30,,786,954,658,83.72,283.0,3309.4,1.214,11.69
Seg 3: Distribution,Bimodal,archer-ragdoll-masters,Archer Ragdoll Masters,https://1games.io/archer-ragdoll-masters,1Games,Action,Action,stickman|physics|weapon|ragdoll|archery,7.7,30,,786,954,658,83.72,283.0,3309.4,1.214,11.69
Seg 4: Business,A. Premium,archer-ragdoll-masters,Archer Ragdoll Masters,https://1games.io/archer-ragdoll-masters,1Games,Action,Action,stickman|physics|weapon|ragdoll|archery,7.7,30,,786,954,658,83.72,283.0,3309.4,1.214,11.69
Seg 5: Funnel,A. Premium,archer-ragdoll-masters,Archer Ragdoll Masters,https://1games.io/archer-ragdoll-masters,1Games,Action,Action,stickman|physics|weapon|ragdoll|archery,7.7,30,,786,954,658,83.72,283.0,3309.4,1.214,11.69
Seg 6: Cluster,Cluster 1: Premium,archer-ragdoll-masters,Archer Ragdoll Masters,https://1games.io/archer-ragdoll-masters,1Games,Action,Action,stickman|physics|weapon|ragdoll|archery,7.7,30,,786,954,658,83.72,283.0,3309.4,1.214,11.69
Seg 1: Quality,A. Premium,mx-offroad-mountain-bike,MX Offroad Mountain Bike,https://1games.io/mx-offroad-mountain-bike,1Games,Simulation,Simulation,racing|2-player|physics|collecting|bike,7.2,32,,754,772,549,72.81,104.0,1403.6,1.024,13.5
Seg 2: Retention,C. Eng-No-Repeat,mx-offroad-mountain-bike,MX Offroad Mountain Bike,https://1games.io/mx-offroad-mountain-bike,1Games,Simulation,Simulation,racing|2-player|physics|collecting|bike,7.2,32,,754,772,549,72.81,104.0,1403.6,1.024,13.5
Seg 3: Distribution,Bimodal,mx-offroad-mountain-bike,MX Offroad Mountain Bike,https://1games.io/mx-offroad-mountain-bike,1Games,Simulation,Simulation,racing|2-player|physics|collecting|bike,7.2,32,,754,772,549,72.81,104.0,1403.6,1.024,13.5
Seg 4: Business,A. Premium,mx-offroad-mountain-bike,MX Offroad Mountain Bike,https://1games.io/mx-offroad-mountain-bike,1Games,Simulation,Simulation,racing|2-player|physics|collecting|bike,7.2,32,,754,772,549,72.81,104.0,1403.6,1.024,13.5
Seg 5: Funnel,A. Premium,mx-offroad-mountain-bike,MX Offroad Mountain Bike,https://1games.io/mx-offroad-mountain-bike,1Games,Simulation,Simulation,racing|2-player|physics|collecting|bike,7.2,32,,754,772,549,72.81,104.0,1403.6,1.024,13.5
Seg 6: Cluster,Cluster 1: Premium,mx-offroad-mountain-bike,MX Offroad Mountain Bike,https://1games.io/mx-offroad-mountain-bike,1Games,Simulation,Simulation,racing|2-player|physics|collecting|bike,7.2,32,,754,772,549,72.81,104.0,1403.6,1.024,13.5
Seg 1: Quality,A. Premium,obby-grow-a-chicken-fighter-3d,Obby: Grow a Chicken Fighter 3D,https://1games.io/obby-grow-a-chicken-fighter-3d,1Games,Arcade,Arcade|Platform,arena|collecting|egg|obby|incremental,7.4,19,,743,794,549,73.89,112.0,2378.6,1.069,21.24
Seg 2: Retention,C. Eng-No-Repeat,obby-grow-a-chicken-fighter-3d,Obby: Grow a Chicken Fighter 3D,https://1games.io/obby-grow-a-chicken-fighter-3d,1Games,Arcade,Arcade|Platform,arena|collecting|egg|obby|incremental,7.4,19,,743,794,549,73.89,112.0,2378.6,1.069,21.24
Seg 3: Distribution,Bimodal,obby-grow-a-chicken-fighter-3d,Obby: Grow a Chicken Fighter 3D,https://1games.io/obby-grow-a-chicken-fighter-3d,1Games,Arcade,Arcade|Platform,arena|collecting|egg|obby|incremental,7.4,19,,743,794,549,73.89,112.0,2378.6,1.069,21.24
Seg 4: Business,A. Premium,obby-grow-a-chicken-fighter-3d,Obby: Grow a Chicken Fighter 3D,https://1games.io/obby-grow-a-chicken-fighter-3d,1Games,Arcade,Arcade|Platform,arena|collecting|egg|obby|incremental,7.4,19,,743,794,549,73.89,112.0,2378.6,1.069,21.24
Seg 5: Funnel,A. Premium,obby-grow-a-chicken-fighter-3d,Obby: Grow a Chicken Fighter 3D,https://1games.io/obby-grow-a-chicken-fighter-3d,1Games,Arcade,Arcade|Platform,arena|collecting|egg|obby|incremental,7.4,19,,743,794,549,73.89,112.0,2378.6,1.069,21.24
Seg 6: Cluster,Cluster 1: Premium,obby-grow-a-chicken-fighter-3d,Obby: Grow a Chicken Fighter 3D,https://1games.io/obby-grow-a-chicken-fighter-3d,1Games,Arcade,Arcade|Platform,arena|collecting|egg|obby|incremental,7.4,19,,743,794,549,73.89,112.0,2378.6,1.069,21.24
Seg 1: Quality,A. Premium,math-obby,Math Obby,https://1games.io/math-obby,1Games,Arcade,Arcade|Casual,parkour|math|brain|obby,6.1,33,,729,829,594,81.48,243.0,2538.8,1.137,10.45
Seg 2: Retention,B. Repeat-Casual,math-obby,Math Obby,https://1games.io/math-obby,1Games,Arcade,Arcade|Casual,parkour|math|brain|obby,6.1,33,,729,829,594,81.48,243.0,2538.8,1.137,10.45
Seg 3: Distribution,Bimodal,math-obby,Math Obby,https://1games.io/math-obby,1Games,Arcade,Arcade|Casual,parkour|math|brain|obby,6.1,33,,729,829,594,81.48,243.0,2538.8,1.137,10.45
Seg 4: Business,A. Premium,math-obby,Math Obby,https://1games.io/math-obby,1Games,Arcade,Arcade|Casual,parkour|math|brain|obby,6.1,33,,729,829,594,81.48,243.0,2538.8,1.137,10.45
Seg 5: Funnel,A. Premium,math-obby,Math Obby,https://1games.io/math-obby,1Games,Arcade,Arcade|Casual,parkour|math|brain|obby,6.1,33,,729,829,594,81.48,243.0,2538.8,1.137,10.45
Seg 6: Cluster,Cluster 1: Premium,math-obby,Math Obby,https://1games.io/math-obby,1Games,Arcade,Arcade|Casual,parkour|math|brain|obby,6.1,33,,729,829,594,81.48,243.0,2538.8,1.137,10.45
Seg 1: Quality,A. Premium,helix-stack-ball,Helix Stack Ball,https://1games.io/helix-stack-ball,1Games,Arcade,Arcade|Casual,jumping|ball|one-button|destroy,7.7,35,,666,744,534,80.18,368.0,2498.1,1.117,6.79
Seg 2: Retention,B. Repeat-Casual,helix-stack-ball,Helix Stack Ball,https://1games.io/helix-stack-ball,1Games,Arcade,Arcade|Casual,jumping|ball|one-button|destroy,7.7,35,,666,744,534,80.18,368.0,2498.1,1.117,6.79
Seg 3: Distribution,Moderate,helix-stack-ball,Helix Stack Ball,https://1games.io/helix-stack-ball,1Games,Arcade,Arcade|Casual,jumping|ball|one-button|destroy,7.7,35,,666,744,534,80.18,368.0,2498.1,1.117,6.79
Seg 4: Business,A. Premium,helix-stack-ball,Helix Stack Ball,https://1games.io/helix-stack-ball,1Games,Arcade,Arcade|Casual,jumping|ball|one-button|destroy,7.7,35,,666,744,534,80.18,368.0,2498.1,1.117,6.79
Seg 5: Funnel,A. Premium,helix-stack-ball,Helix Stack Ball,https://1games.io/helix-stack-ball,1Games,Arcade,Arcade|Casual,jumping|ball|one-button|destroy,7.7,35,,666,744,534,80.18,368.0,2498.1,1.117,6.79
Seg 6: Cluster,Cluster 1: Premium,helix-stack-ball,Helix Stack Ball,https://1games.io/helix-stack-ball,1Games,Arcade,Arcade|Casual,jumping|ball|one-button|destroy,7.7,35,,666,744,534,80.18,368.0,2498.1,1.117,6.79
Seg 1: Quality,A. Premium,bat-smash-2,Bat Smash 2,https://1games.io/bat-smash-2,AZGames,Arcade,Arcade|Sports,3d|funny|one-button|incremental,8.4,19,2026-09-07,665,779,504,75.79,150.0,1938.0,1.171,12.92
Seg 2: Retention,B. Repeat-Casual,bat-smash-2,Bat Smash 2,https://1games.io/bat-smash-2,AZGames,Arcade,Arcade|Sports,3d|funny|one-button|incremental,8.4,19,2026-09-07,665,779,504,75.79,150.0,1938.0,1.171,12.92
Seg 3: Distribution,Bimodal,bat-smash-2,Bat Smash 2,https://1games.io/bat-smash-2,AZGames,Arcade,Arcade|Sports,3d|funny|one-button|incremental,8.4,19,2026-09-07,665,779,504,75.79,150.0,1938.0,1.171,12.92
Seg 4: Business,A. Premium,bat-smash-2,Bat Smash 2,https://1games.io/bat-smash-2,AZGames,Arcade,Arcade|Sports,3d|funny|one-button|incremental,8.4,19,2026-09-07,665,779,504,75.79,150.0,1938.0,1.171,12.92
Seg 5: Funnel,A. Premium,bat-smash-2,Bat Smash 2,https://1games.io/bat-smash-2,AZGames,Arcade,Arcade|Sports,3d|funny|one-button|incremental,8.4,19,2026-09-07,665,779,504,75.79,150.0,1938.0,1.171,12.92
Seg 6: Cluster,Cluster 1: Premium,bat-smash-2,Bat Smash 2,https://1games.io/bat-smash-2,AZGames,Arcade,Arcade|Sports,3d|funny|one-button|incremental,8.4,19,2026-09-07,665,779,504,75.79,150.0,1938.0,1.171,12.92
Seg 1: Quality,A. Premium,stickman-team-detroit,Stickman Team Detroit,https://1games.io/stickman-team-detroit,1Games,Action,Action,stickman|team|side-scrolling|fighting,5.6,27,,563,609,487,86.5,374.5,3288.9,1.082,8.78
Seg 2: Retention,C. Eng-No-Repeat,stickman-team-detroit,Stickman Team Detroit,https://1games.io/stickman-team-detroit,1Games,Action,Action,stickman|team|side-scrolling|fighting,5.6,27,,563,609,487,86.5,374.5,3288.9,1.082,8.78
Seg 3: Distribution,Moderate,stickman-team-detroit,Stickman Team Detroit,https://1games.io/stickman-team-detroit,1Games,Action,Action,stickman|team|side-scrolling|fighting,5.6,27,,563,609,487,86.5,374.5,3288.9,1.082,8.78
Seg 4: Business,A. Premium,stickman-team-detroit,Stickman Team Detroit,https://1games.io/stickman-team-detroit,1Games,Action,Action,stickman|team|side-scrolling|fighting,5.6,27,,563,609,487,86.5,374.5,3288.9,1.082,8.78
Seg 5: Funnel,A. Premium,stickman-team-detroit,Stickman Team Detroit,https://1games.io/stickman-team-detroit,1Games,Action,Action,stickman|team|side-scrolling|fighting,5.6,27,,563,609,487,86.5,374.5,3288.9,1.082,8.78
Seg 6: Cluster,Cluster 1: Premium,stickman-team-detroit,Stickman Team Detroit,https://1games.io/stickman-team-detroit,1Games,Action,Action,stickman|team|side-scrolling|fighting,5.6,27,,563,609,487,86.5,374.5,3288.9,1.082,8.78
Seg 1: Quality,A. Premium,command-strike-fps,Command Strike FPS,https://1games.io/command-strike-fps,1Games,Action,Action|Shooting,team|weapon|battle|fps|war,7.6,21,,551,572,397,72.05,134.0,1731.1,1.038,12.92
Seg 2: Retention,C. Eng-No-Repeat,command-strike-fps,Command Strike FPS,https://1games.io/command-strike-fps,1Games,Action,Action|Shooting,team|weapon|battle|fps|war,7.6,21,,551,572,397,72.05,134.0,1731.1,1.038,12.92
Seg 3: Distribution,Bimodal,command-strike-fps,Command Strike FPS,https://1games.io/command-strike-fps,1Games,Action,Action|Shooting,team|weapon|battle|fps|war,7.6,21,,551,572,397,72.05,134.0,1731.1,1.038,12.92
Seg 4: Business,A. Premium,command-strike-fps,Command Strike FPS,https://1games.io/command-strike-fps,1Games,Action,Action|Shooting,team|weapon|battle|fps|war,7.6,21,,551,572,397,72.05,134.0,1731.1,1.038,12.92
Seg 5: Funnel,A. Premium,command-strike-fps,Command Strike FPS,https://1games.io/command-strike-fps,1Games,Action,Action|Shooting,team|weapon|battle|fps|war,7.6,21,,551,572,397,72.05,134.0,1731.1,1.038,12.92
Seg 6: Cluster,Cluster 1: Premium,command-strike-fps,Command Strike FPS,https://1games.io/command-strike-fps,1Games,Action,Action|Shooting,team|weapon|battle|fps|war,7.6,21,,551,572,397,72.05,134.0,1731.1,1.038,12.92
Seg 1: Quality,A. Premium,gold-miner-classic,Gold Miner Classic,https://1games.io/gold-miner-classic,1Games,Arcade,Arcade|Casual,classic|mining|collecting,7.3,11,,533,584,407,76.36,181.0,2475.6,1.096,13.68
Seg 2: Retention,C. Eng-No-Repeat,gold-miner-classic,Gold Miner Classic,https://1games.io/gold-miner-classic,1Games,Arcade,Arcade|Casual,classic|mining|collecting,7.3,11,,533,584,407,76.36,181.0,2475.6,1.096,13.68
Seg 3: Distribution,Bimodal,gold-miner-classic,Gold Miner Classic,https://1games.io/gold-miner-classic,1Games,Arcade,Arcade|Casual,classic|mining|collecting,7.3,11,,533,584,407,76.36,181.0,2475.6,1.096,13.68
Seg 4: Business,A. Premium,gold-miner-classic,Gold Miner Classic,https://1games.io/gold-miner-classic,1Games,Arcade,Arcade|Casual,classic|mining|collecting,7.3,11,,533,584,407,76.36,181.0,2475.6,1.096,13.68
Seg 5: Funnel,A. Premium,gold-miner-classic,Gold Miner Classic,https://1games.io/gold-miner-classic,1Games,Arcade,Arcade|Casual,classic|mining|collecting,7.3,11,,533,584,407,76.36,181.0,2475.6,1.096,13.68
Seg 6: Cluster,Cluster 1: Premium,gold-miner-classic,Gold Miner Classic,https://1games.io/gold-miner-classic,1Games,Arcade,Arcade|Casual,classic|mining|collecting,7.3,11,,533,584,407,76.36,181.0,2475.6,1.096,13.68
Seg 1: Quality,A. Premium,goat-rampage,Goat Rampage,https://1games.io/goat-rampage,AZGames,Action,Action|Simulation,funny|physics|animal|destroy|crazy-cattle-3d,8,30,2026-08-31,515,599,424,82.33,266.0,2501.0,1.163,9.4
Seg 2: Retention,B. Repeat-Casual,goat-rampage,Goat Rampage,https://1games.io/goat-rampage,AZGames,Action,Action|Simulation,funny|physics|animal|destroy|crazy-cattle-3d,8,30,2026-08-31,515,599,424,82.33,266.0,2501.0,1.163,9.4
Seg 3: Distribution,Moderate,goat-rampage,Goat Rampage,https://1games.io/goat-rampage,AZGames,Action,Action|Simulation,funny|physics|animal|destroy|crazy-cattle-3d,8,30,2026-08-31,515,599,424,82.33,266.0,2501.0,1.163,9.4
Seg 4: Business,A. Premium,goat-rampage,Goat Rampage,https://1games.io/goat-rampage,AZGames,Action,Action|Simulation,funny|physics|animal|destroy|crazy-cattle-3d,8,30,2026-08-31,515,599,424,82.33,266.0,2501.0,1.163,9.4
Seg 5: Funnel,A. Premium,goat-rampage,Goat Rampage,https://1games.io/goat-rampage,AZGames,Action,Action|Simulation,funny|physics|animal|destroy|crazy-cattle-3d,8,30,2026-08-31,515,599,424,82.33,266.0,2501.0,1.163,9.4
Seg 6: Cluster,Cluster 1: Premium,goat-rampage,Goat Rampage,https://1games.io/goat-rampage,AZGames,Action,Action|Simulation,funny|physics|animal|destroy|crazy-cattle-3d,8,30,2026-08-31,515,599,424,82.33,266.0,2501.0,1.163,9.4
Seg 1: Quality,A. Premium,zombie-battle-royale,Zombie Battle Royale,https://1games.io/zombie-battle-royale,1Games,Action,Action|Shooting|Survival,battle-royale|zombie|arena,8.6,22,,505,565,391,77.43,422.0,3968.4,1.119,9.4
Seg 2: Retention,B. Repeat-Casual,zombie-battle-royale,Zombie Battle Royale,https://1games.io/zombie-battle-royale,1Games,Action,Action|Shooting|Survival,battle-royale|zombie|arena,8.6,22,,505,565,391,77.43,422.0,3968.4,1.119,9.4
Seg 3: Distribution,Moderate,zombie-battle-royale,Zombie Battle Royale,https://1games.io/zombie-battle-royale,1Games,Action,Action|Shooting|Survival,battle-royale|zombie|arena,8.6,22,,505,565,391,77.43,422.0,3968.4,1.119,9.4
Seg 4: Business,A. Premium,zombie-battle-royale,Zombie Battle Royale,https://1games.io/zombie-battle-royale,1Games,Action,Action|Shooting|Survival,battle-royale|zombie|arena,8.6,22,,505,565,391,77.43,422.0,3968.4,1.119,9.4
Seg 5: Funnel,A. Premium,zombie-battle-royale,Zombie Battle Royale,https://1games.io/zombie-battle-royale,1Games,Action,Action|Shooting|Survival,battle-royale|zombie|arena,8.6,22,,505,565,391,77.43,422.0,3968.4,1.119,9.4
Seg 6: Cluster,Cluster 1: Premium,zombie-battle-royale,Zombie Battle Royale,https://1games.io/zombie-battle-royale,1Games,Action,Action|Shooting|Survival,battle-royale|zombie|arena,8.6,22,,505,565,391,77.43,422.0,3968.4,1.119,9.4
Seg 1: Quality,A. Premium,prison-break,Prison Break,https://1games.io/prison-break,1Games,Casual,Casual|Simulation,idle|management|build|defense,6.8,34,,497,541,421,84.71,587.0,5500.0,1.089,9.37
Seg 2: Retention,C. Eng-No-Repeat,prison-break,Prison Break,https://1games.io/prison-break,1Games,Casual,Casual|Simulation,idle|management|build|defense,6.8,34,,497,541,421,84.71,587.0,5500.0,1.089,9.37
Seg 3: Distribution,Moderate,prison-break,Prison Break,https://1games.io/prison-break,1Games,Casual,Casual|Simulation,idle|management|build|defense,6.8,34,,497,541,421,84.71,587.0,5500.0,1.089,9.37
Seg 4: Business,A. Premium,prison-break,Prison Break,https://1games.io/prison-break,1Games,Casual,Casual|Simulation,idle|management|build|defense,6.8,34,,497,541,421,84.71,587.0,5500.0,1.089,9.37
Seg 5: Funnel,A. Premium,prison-break,Prison Break,https://1games.io/prison-break,1Games,Casual,Casual|Simulation,idle|management|build|defense,6.8,34,,497,541,421,84.71,587.0,5500.0,1.089,9.37
Seg 6: Cluster,Cluster 1: Premium,prison-break,Prison Break,https://1games.io/prison-break,1Games,Casual,Casual|Simulation,idle|management|build|defense,6.8,34,,497,541,421,84.71,587.0,5500.0,1.089,9.37
Seg 1: Quality,A. Premium,battalion-commander-1917,Battalion Commander 1917,https://1games.io/battalion-commander-1917,1Games,Shooting,Shooting|Strategy,2d|defense|war|incremental,8.5,13,,470,577,349,74.26,186.0,2603.6,1.228,14.0
Seg 2: Retention,B. Repeat-Casual,battalion-commander-1917,Battalion Commander 1917,https://1games.io/battalion-commander-1917,1Games,Shooting,Shooting|Strategy,2d|defense|war|incremental,8.5,13,,470,577,349,74.26,186.0,2603.6,1.228,14.0
Seg 3: Distribution,Bimodal,battalion-commander-1917,Battalion Commander 1917,https://1games.io/battalion-commander-1917,1Games,Shooting,Shooting|Strategy,2d|defense|war|incremental,8.5,13,,470,577,349,74.26,186.0,2603.6,1.228,14.0
Seg 4: Business,A. Premium,battalion-commander-1917,Battalion Commander 1917,https://1games.io/battalion-commander-1917,1Games,Shooting,Shooting|Strategy,2d|defense|war|incremental,8.5,13,,470,577,349,74.26,186.0,2603.6,1.228,14.0
Seg 5: Funnel,A. Premium,battalion-commander-1917,Battalion Commander 1917,https://1games.io/battalion-commander-1917,1Games,Shooting,Shooting|Strategy,2d|defense|war|incremental,8.5,13,,470,577,349,74.26,186.0,2603.6,1.228,14.0
Seg 6: Cluster,Cluster 1: Premium,battalion-commander-1917,Battalion Commander 1917,https://1games.io/battalion-commander-1917,1Games,Shooting,Shooting|Strategy,2d|defense|war|incremental,8.5,13,,470,577,349,74.26,186.0,2603.6,1.228,14.0
Seg 1: Quality,A. Premium,rush-line,Rush Line,https://1games.io/rush-line,AZGames,Arcade,Arcade,parkour|running|3d|avoid|fast-paced|cartoon,8.2,17,2026-09-18,467,545,337,72.16,187.0,1941.2,1.167,10.38
Seg 2: Retention,B. Repeat-Casual,rush-line,Rush Line,https://1games.io/rush-line,AZGames,Arcade,Arcade,parkour|running|3d|avoid|fast-paced|cartoon,8.2,17,2026-09-18,467,545,337,72.16,187.0,1941.2,1.167,10.38
Seg 3: Distribution,Bimodal,rush-line,Rush Line,https://1games.io/rush-line,AZGames,Arcade,Arcade,parkour|running|3d|avoid|fast-paced|cartoon,8.2,17,2026-09-18,467,545,337,72.16,187.0,1941.2,1.167,10.38
Seg 4: Business,A. Premium,rush-line,Rush Line,https://1games.io/rush-line,AZGames,Arcade,Arcade,parkour|running|3d|avoid|fast-paced|cartoon,8.2,17,2026-09-18,467,545,337,72.16,187.0,1941.2,1.167,10.38
Seg 5: Funnel,A. Premium,rush-line,Rush Line,https://1games.io/rush-line,AZGames,Arcade,Arcade,parkour|running|3d|avoid|fast-paced|cartoon,8.2,17,2026-09-18,467,545,337,72.16,187.0,1941.2,1.167,10.38
Seg 6: Cluster,Cluster 1: Premium,rush-line,Rush Line,https://1games.io/rush-line,AZGames,Arcade,Arcade,parkour|running|3d|avoid|fast-paced|cartoon,8.2,17,2026-09-18,467,545,337,72.16,187.0,1941.2,1.167,10.38
Seg 1: Quality,B. Instant Hook,capybara-mart,Capybara Mart,https://1games.io/capybara-mart,AZGames,Simulation,Simulation,management|animal|business|shopping|incremental,9.4,47,2026-08-12,465,773,312,67.1,8.0,2023.9,1.662,252.99
Seg 2: Retention,A. Sticky,capybara-mart,Capybara Mart,https://1games.io/capybara-mart,AZGames,Simulation,Simulation,management|animal|business|shopping|incremental,9.4,47,2026-08-12,465,773,312,67.1,8.0,2023.9,1.662,252.99
Seg 3: Distribution,Bimodal,capybara-mart,Capybara Mart,https://1games.io/capybara-mart,AZGames,Simulation,Simulation,management|animal|business|shopping|incremental,9.4,47,2026-08-12,465,773,312,67.1,8.0,2023.9,1.662,252.99
Seg 4: Business,A. Premium,capybara-mart,Capybara Mart,https://1games.io/capybara-mart,AZGames,Simulation,Simulation,management|animal|business|shopping|incremental,9.4,47,2026-08-12,465,773,312,67.1,8.0,2023.9,1.662,252.99
Seg 5: Funnel,A. Premium,capybara-mart,Capybara Mart,https://1games.io/capybara-mart,AZGames,Simulation,Simulation,management|animal|business|shopping|incremental,9.4,47,2026-08-12,465,773,312,67.1,8.0,2023.9,1.662,252.99
Seg 6: Cluster,Cluster 1: Premium,capybara-mart,Capybara Mart,https://1games.io/capybara-mart,AZGames,Simulation,Simulation,management|animal|business|shopping|incremental,9.4,47,2026-08-12,465,773,312,67.1,8.0,2023.9,1.662,252.99
Seg 1: Quality,A. Premium,crash-tower-3d,Crash Tower 3D,https://1games.io/crash-tower-3d,1Games,Arcade,Arcade,3d|car|1-player|destroy,6.7,12,,439,461,309,70.39,67.0,2049.8,1.05,30.59
Seg 2: Retention,C. Eng-No-Repeat,crash-tower-3d,Crash Tower 3D,https://1games.io/crash-tower-3d,1Games,Arcade,Arcade,3d|car|1-player|destroy,6.7,12,,439,461,309,70.39,67.0,2049.8,1.05,30.59
Seg 3: Distribution,Bimodal,crash-tower-3d,Crash Tower 3D,https://1games.io/crash-tower-3d,1Games,Arcade,Arcade,3d|car|1-player|destroy,6.7,12,,439,461,309,70.39,67.0,2049.8,1.05,30.59
Seg 4: Business,A. Premium,crash-tower-3d,Crash Tower 3D,https://1games.io/crash-tower-3d,1Games,Arcade,Arcade,3d|car|1-player|destroy,6.7,12,,439,461,309,70.39,67.0,2049.8,1.05,30.59
Seg 5: Funnel,A. Premium,crash-tower-3d,Crash Tower 3D,https://1games.io/crash-tower-3d,1Games,Arcade,Arcade,3d|car|1-player|destroy,6.7,12,,439,461,309,70.39,67.0,2049.8,1.05,30.59
Seg 6: Cluster,Cluster 1: Premium,crash-tower-3d,Crash Tower 3D,https://1games.io/crash-tower-3d,1Games,Arcade,Arcade,3d|car|1-player|destroy,6.7,12,,439,461,309,70.39,67.0,2049.8,1.05,30.59
Seg 1: Quality,A. Premium,stickman-warriors-superhero-fight,Stickman Warriors Superhero Fight,https://1games.io/stickman-warriors-superhero-fight,1Games,Action,Action,stickman|skill|fast-paced|fighting,8.7,38,,424,452,315,74.29,169.5,1596.5,1.066,9.42
Seg 2: Retention,C. Eng-No-Repeat,stickman-warriors-superhero-fight,Stickman Warriors Superhero Fight,https://1games.io/stickman-warriors-superhero-fight,1Games,Action,Action,stickman|skill|fast-paced|fighting,8.7,38,,424,452,315,74.29,169.5,1596.5,1.066,9.42
Seg 3: Distribution,Moderate,stickman-warriors-superhero-fight,Stickman Warriors Superhero Fight,https://1games.io/stickman-warriors-superhero-fight,1Games,Action,Action,stickman|skill|fast-paced|fighting,8.7,38,,424,452,315,74.29,169.5,1596.5,1.066,9.42
Seg 4: Business,A. Premium,stickman-warriors-superhero-fight,Stickman Warriors Superhero Fight,https://1games.io/stickman-warriors-superhero-fight,1Games,Action,Action,stickman|skill|fast-paced|fighting,8.7,38,,424,452,315,74.29,169.5,1596.5,1.066,9.42
Seg 5: Funnel,A. Premium,stickman-warriors-superhero-fight,Stickman Warriors Superhero Fight,https://1games.io/stickman-warriors-superhero-fight,1Games,Action,Action,stickman|skill|fast-paced|fighting,8.7,38,,424,452,315,74.29,169.5,1596.5,1.066,9.42
Seg 6: Cluster,Cluster 1: Premium,stickman-warriors-superhero-fight,Stickman Warriors Superhero Fight,https://1games.io/stickman-warriors-superhero-fight,1Games,Action,Action,stickman|skill|fast-paced|fighting,8.7,38,,424,452,315,74.29,169.5,1596.5,1.066,9.42
Seg 1: Quality,A. Premium,car-eats-car-underwater-adventure,Car Eats Car: Underwater Adventure,https://1games.io/car-eats-car-underwater-adventure,1Games,Adventure,Adventure|Driving,car|racing|escape|side-scrolling|water,9.1,11,,400,438,300,75.0,326.0,3018.7,1.095,9.26
Seg 2: Retention,C. Eng-No-Repeat,car-eats-car-underwater-adventure,Car Eats Car: Underwater Adventure,https://1games.io/car-eats-car-underwater-adventure,1Games,Adventure,Adventure|Driving,car|racing|escape|side-scrolling|water,9.1,11,,400,438,300,75.0,326.0,3018.7,1.095,9.26
Seg 3: Distribution,Moderate,car-eats-car-underwater-adventure,Car Eats Car: Underwater Adventure,https://1games.io/car-eats-car-underwater-adventure,1Games,Adventure,Adventure|Driving,car|racing|escape|side-scrolling|water,9.1,11,,400,438,300,75.0,326.0,3018.7,1.095,9.26
Seg 4: Business,A. Premium,car-eats-car-underwater-adventure,Car Eats Car: Underwater Adventure,https://1games.io/car-eats-car-underwater-adventure,1Games,Adventure,Adventure|Driving,car|racing|escape|side-scrolling|water,9.1,11,,400,438,300,75.0,326.0,3018.7,1.095,9.26
Seg 5: Funnel,A. Premium,car-eats-car-underwater-adventure,Car Eats Car: Underwater Adventure,https://1games.io/car-eats-car-underwater-adventure,1Games,Adventure,Adventure|Driving,car|racing|escape|side-scrolling|water,9.1,11,,400,438,300,75.0,326.0,3018.7,1.095,9.26
Seg 6: Cluster,Cluster 1: Premium,car-eats-car-underwater-adventure,Car Eats Car: Underwater Adventure,https://1games.io/car-eats-car-underwater-adventure,1Games,Adventure,Adventure|Driving,car|racing|escape|side-scrolling|water,9.1,11,,400,438,300,75.0,326.0,3018.7,1.095,9.26
Seg 1: Quality,A. Premium,crazy-aunty-slap-punch,Crazy Aunty : Slap &amp; Punch,https://1games.io/crazy-aunty-slap-punch,1Games,Casual,Casual|Simulation,funny|weapon|one-button|cartoon|destroy,7.3,40,,399,487,309,77.44,348.0,2886.4,1.221,8.29
Seg 2: Retention,B. Repeat-Casual,crazy-aunty-slap-punch,Crazy Aunty : Slap &amp; Punch,https://1games.io/crazy-aunty-slap-punch,1Games,Casual,Casual|Simulation,funny|weapon|one-button|cartoon|destroy,7.3,40,,399,487,309,77.44,348.0,2886.4,1.221,8.29
Seg 3: Distribution,Moderate,crazy-aunty-slap-punch,Crazy Aunty : Slap &amp; Punch,https://1games.io/crazy-aunty-slap-punch,1Games,Casual,Casual|Simulation,funny|weapon|one-button|cartoon|destroy,7.3,40,,399,487,309,77.44,348.0,2886.4,1.221,8.29
Seg 4: Business,A. Premium,crazy-aunty-slap-punch,Crazy Aunty : Slap &amp; Punch,https://1games.io/crazy-aunty-slap-punch,1Games,Casual,Casual|Simulation,funny|weapon|one-button|cartoon|destroy,7.3,40,,399,487,309,77.44,348.0,2886.4,1.221,8.29
Seg 5: Funnel,A. Premium,crazy-aunty-slap-punch,Crazy Aunty : Slap &amp; Punch,https://1games.io/crazy-aunty-slap-punch,1Games,Casual,Casual|Simulation,funny|weapon|one-button|cartoon|destroy,7.3,40,,399,487,309,77.44,348.0,2886.4,1.221,8.29
Seg 6: Cluster,Cluster 1: Premium,crazy-aunty-slap-punch,Crazy Aunty : Slap &amp; Punch,https://1games.io/crazy-aunty-slap-punch,1Games,Casual,Casual|Simulation,funny|weapon|one-button|cartoon|destroy,7.3,40,,399,487,309,77.44,348.0,2886.4,1.221,8.29
Seg 1: Quality,A. Premium,wake-up-the-box,Wake Up the Box,https://1games.io/wake-up-the-box,1Games,Puzzle,Puzzle|Casual,physics|brain|logic,8.8,8,,329,376,253,76.9,348.0,3053.6,1.143,8.77
Seg 2: Retention,B. Repeat-Casual,wake-up-the-box,Wake Up the Box,https://1games.io/wake-up-the-box,1Games,Puzzle,Puzzle|Casual,physics|brain|logic,8.8,8,,329,376,253,76.9,348.0,3053.6,1.143,8.77
Seg 3: Distribution,Moderate,wake-up-the-box,Wake Up the Box,https://1games.io/wake-up-the-box,1Games,Puzzle,Puzzle|Casual,physics|brain|logic,8.8,8,,329,376,253,76.9,348.0,3053.6,1.143,8.77
Seg 4: Business,A. Premium,wake-up-the-box,Wake Up the Box,https://1games.io/wake-up-the-box,1Games,Puzzle,Puzzle|Casual,physics|brain|logic,8.8,8,,329,376,253,76.9,348.0,3053.6,1.143,8.77
Seg 5: Funnel,A. Premium,wake-up-the-box,Wake Up the Box,https://1games.io/wake-up-the-box,1Games,Puzzle,Puzzle|Casual,physics|brain|logic,8.8,8,,329,376,253,76.9,348.0,3053.6,1.143,8.77
Seg 6: Cluster,Cluster 1: Premium,wake-up-the-box,Wake Up the Box,https://1games.io/wake-up-the-box,1Games,Puzzle,Puzzle|Casual,physics|brain|logic,8.8,8,,329,376,253,76.9,348.0,3053.6,1.143,8.77
Seg 1: Quality,A. Premium,blockader,Blockader,https://1games.io/blockader,AZGames,Action,Action|Shooting,2d|retro|battle|space|fast-paced|asteroid,9,31,2026-09-23,303,347,196,64.69,48.0,1474.6,1.145,30.72
Seg 2: Retention,B. Repeat-Casual,blockader,Blockader,https://1games.io/blockader,AZGames,Action,Action|Shooting,2d|retro|battle|space|fast-paced|asteroid,9,31,2026-09-23,303,347,196,64.69,48.0,1474.6,1.145,30.72
Seg 3: Distribution,Bimodal,blockader,Blockader,https://1games.io/blockader,AZGames,Action,Action|Shooting,2d|retro|battle|space|fast-paced|asteroid,9,31,2026-09-23,303,347,196,64.69,48.0,1474.6,1.145,30.72
Seg 4: Business,A. Premium,blockader,Blockader,https://1games.io/blockader,AZGames,Action,Action|Shooting,2d|retro|battle|space|fast-paced|asteroid,9,31,2026-09-23,303,347,196,64.69,48.0,1474.6,1.145,30.72
Seg 5: Funnel,A. Premium,blockader,Blockader,https://1games.io/blockader,AZGames,Action,Action|Shooting,2d|retro|battle|space|fast-paced|asteroid,9,31,2026-09-23,303,347,196,64.69,48.0,1474.6,1.145,30.72
Seg 6: Cluster,Cluster 1: Premium,blockader,Blockader,https://1games.io/blockader,AZGames,Action,Action|Shooting,2d|retro|battle|space|fast-paced|asteroid,9,31,2026-09-23,303,347,196,64.69,48.0,1474.6,1.145,30.72
Seg 1: Quality,A. Premium,blobade,Blobade,https://1games.io/blobade,AZGames,.IO,.IO|Survival,multiplayer|battle-royale|arena|collecting,7.6,21,2026-08-21,290,318,228,78.62,280.5,2890.7,1.097,10.31
Seg 2: Retention,C. Eng-No-Repeat,blobade,Blobade,https://1games.io/blobade,AZGames,.IO,.IO|Survival,multiplayer|battle-royale|arena|collecting,7.6,21,2026-08-21,290,318,228,78.62,280.5,2890.7,1.097,10.31
Seg 3: Distribution,Bimodal,blobade,Blobade,https://1games.io/blobade,AZGames,.IO,.IO|Survival,multiplayer|battle-royale|arena|collecting,7.6,21,2026-08-21,290,318,228,78.62,280.5,2890.7,1.097,10.31
Seg 4: Business,A. Premium,blobade,Blobade,https://1games.io/blobade,AZGames,.IO,.IO|Survival,multiplayer|battle-royale|arena|collecting,7.6,21,2026-08-21,290,318,228,78.62,280.5,2890.7,1.097,10.31
Seg 5: Funnel,A. Premium,blobade,Blobade,https://1games.io/blobade,AZGames,.IO,.IO|Survival,multiplayer|battle-royale|arena|collecting,7.6,21,2026-08-21,290,318,228,78.62,280.5,2890.7,1.097,10.31
Seg 6: Cluster,Cluster 1: Premium,blobade,Blobade,https://1games.io/blobade,AZGames,.IO,.IO|Survival,multiplayer|battle-royale|arena|collecting,7.6,21,2026-08-21,290,318,228,78.62,280.5,2890.7,1.097,10.31
Seg 1: Quality,A. Premium,auto-puzzle-stream,Auto Puzzle Stream,https://1games.io/auto-puzzle-stream,1Games,Puzzle,Puzzle|Casual,2d|car|avoid|one-button,7.3,11,,206,259,171,83.01,268.0,2967.6,1.257,11.07
Seg 2: Retention,B. Repeat-Casual,auto-puzzle-stream,Auto Puzzle Stream,https://1games.io/auto-puzzle-stream,1Games,Puzzle,Puzzle|Casual,2d|car|avoid|one-button,7.3,11,,206,259,171,83.01,268.0,2967.6,1.257,11.07
Seg 3: Distribution,Bimodal,auto-puzzle-stream,Auto Puzzle Stream,https://1games.io/auto-puzzle-stream,1Games,Puzzle,Puzzle|Casual,2d|car|avoid|one-button,7.3,11,,206,259,171,83.01,268.0,2967.6,1.257,11.07
Seg 4: Business,A. Premium,auto-puzzle-stream,Auto Puzzle Stream,https://1games.io/auto-puzzle-stream,1Games,Puzzle,Puzzle|Casual,2d|car|avoid|one-button,7.3,11,,206,259,171,83.01,268.0,2967.6,1.257,11.07
Seg 5: Funnel,A. Premium,auto-puzzle-stream,Auto Puzzle Stream,https://1games.io/auto-puzzle-stream,1Games,Puzzle,Puzzle|Casual,2d|car|avoid|one-button,7.3,11,,206,259,171,83.01,268.0,2967.6,1.257,11.07
Seg 6: Cluster,Cluster 1: Premium,auto-puzzle-stream,Auto Puzzle Stream,https://1games.io/auto-puzzle-stream,1Games,Puzzle,Puzzle|Casual,2d|car|avoid|one-button,7.3,11,,206,259,171,83.01,268.0,2967.6,1.257,11.07
Seg 1: Quality,A. Premium,crystal-circuit,Crystal Circuit,https://1games.io/crystal-circuit,1Games,Arcade,Arcade|Casual,avoid|one-button|space|jewel,6.7,6,,70,72,49,70.0,255.5,2427.4,1.029,9.5
Seg 2: Retention,C. Eng-No-Repeat,crystal-circuit,Crystal Circuit,https://1games.io/crystal-circuit,1Games,Arcade,Arcade|Casual,avoid|one-button|space|jewel,6.7,6,,70,72,49,70.0,255.5,2427.4,1.029,9.5
Seg 3: Distribution,Moderate,crystal-circuit,Crystal Circuit,https://1games.io/crystal-circuit,1Games,Arcade,Arcade|Casual,avoid|one-button|space|jewel,6.7,6,,70,72,49,70.0,255.5,2427.4,1.029,9.5
Seg 4: Business,A. Premium,crystal-circuit,Crystal Circuit,https://1games.io/crystal-circuit,1Games,Arcade,Arcade|Casual,avoid|one-button|space|jewel,6.7,6,,70,72,49,70.0,255.5,2427.4,1.029,9.5
Seg 5: Funnel,A. Premium,crystal-circuit,Crystal Circuit,https://1games.io/crystal-circuit,1Games,Arcade,Arcade|Casual,avoid|one-button|space|jewel,6.7,6,,70,72,49,70.0,255.5,2427.4,1.029,9.5
Seg 6: Cluster,Cluster 1: Premium,crystal-circuit,Crystal Circuit,https://1games.io/crystal-circuit,1Games,Arcade,Arcade|Casual,avoid|one-button|space|jewel,6.7,6,,70,72,49,70.0,255.5,2427.4,1.029,9.5
Seg 1: Quality,D. Weak,trap-the-cat,,https://1games.io/trap-the-cat,,Arcade,,1-player|animal,,,,3,3,0,0.0,0.0,2.4,1.0,0.0
Seg 2: Retention,D. Weak,trap-the-cat,,https://1games.io/trap-the-cat,,Arcade,,1-player|animal,,,,3,3,0,0.0,0.0,2.4,1.0,0.0
Seg 3: Distribution,Flat,trap-the-cat,,https://1games.io/trap-the-cat,,Arcade,,1-player|animal,,,,3,3,0,0.0,0.0,2.4,1.0,0.0
Seg 4: Business,D. Underperformer,trap-the-cat,,https://1games.io/trap-the-cat,,Arcade,,1-player|animal,,,,3,3,0,0.0,0.0,2.4,1.0,0.0
Seg 5: Funnel,B. Mid-Drop,trap-the-cat,,https://1games.io/trap-the-cat,,Arcade,,1-player|animal,,,,3,3,0,0.0,0.0,2.4,1.0,0.0
Seg 6: Cluster,Cluster 4: Underperformer,trap-the-cat,,https://1games.io/trap-the-cat,,Arcade,,1-player|animal,,,,3,3,0,0.0,0.0,2.4,1.0,0.0
